-- phpMyAdmin SQL Dump
-- version 5.2.0
-- https://www.phpmyadmin.net/
--
-- Host: 127.0.0.1
-- Generation Time: Sep 19, 2023 at 12:17 PM
-- Server version: 10.4.27-MariaDB
-- PHP Version: 8.2.0

SET SQL_MODE = "NO_AUTO_VALUE_ON_ZERO";
START TRANSACTION;
SET time_zone = "+00:00";


/*!40101 SET @OLD_CHARACTER_SET_CLIENT=@@CHARACTER_SET_CLIENT */;
/*!40101 SET @OLD_CHARACTER_SET_RESULTS=@@CHARACTER_SET_RESULTS */;
/*!40101 SET @OLD_COLLATION_CONNECTION=@@COLLATION_CONNECTION */;
/*!40101 SET NAMES utf8mb4 */;

--
-- Database: `records`
--

-- --------------------------------------------------------

--
-- Table structure for table `contacts`
--

CREATE TABLE `contacts` (
  `ContactID` int(3) NOT NULL,
  `ContactFN` varchar(10) DEFAULT NULL,
  `ContactLN` varchar(10) DEFAULT NULL,
  `ContactEmail` varchar(45) DEFAULT NULL,
  `ContactPhone` varchar(16) DEFAULT NULL,
  `CustomerID` int(3) DEFAULT NULL
) ENGINE=InnoDB DEFAULT CHARSET=utf8 COLLATE=utf8_general_ci;

--
-- Dumping data for table `contacts`
--

INSERT INTO `contacts` (`ContactID`, `ContactFN`, `ContactLN`, `ContactEmail`, `ContactPhone`, `CustomerID`) VALUES
(1, 'Flor', 'Stone', 'flor.stone@raytheon.com', '+1 317 123 4104', 1),
(2, 'Lavera', 'Emerson', 'lavera.emerson@plainsallamerican.com', '+1 317 123 4111', 2),
(3, 'Fern', 'Head', 'fern.head@usfoods.com', '+1 812 123 4115', 3),
(4, 'Shyla', 'Ortiz', 'shyla.ortiz@abbvie.com', '+1 317 123 4126', 4),
(5, 'Jeni', 'Levy', 'jeni.levy@centene.com', '+1 812 123 4129', 5),
(6, 'Matthias', 'Hannah', 'matthias.hannah@chs.net', '+1 219 123 4136', 6),
(7, 'Matthias', 'Cruise', 'matthias.cruise@alcoa.com', '+1 219 123 4138', 7),
(8, 'Meenakshi', 'Mason', 'meenakshi.mason@internationalpaper.com', '+1 317 123 4141', 8),
(9, 'Christian', 'Cage', 'christian.cage@emerson.com', '+1 219 123 4142', 9),
(10, 'Charlie', 'Sutherland', 'charlie.sutherland@up.com', '+1 317 123 4146', 10),
(11, 'Charlie', 'Pacino', 'charlie.pacino@amgen.com', '+1 812 123 4150', 11),
(12, 'Guillaume', 'Jackson', 'guillaume.jackson@usbank.com', '+1 812 123 4151', 12),
(13, 'Daniel', 'Costner', 'daniel.costner@staples.com', '+1 812 123 4153', 13),
(14, 'Dianne', 'Derek', 'dianne.derek@danaher.com', '+1 812 123 4157', 14),
(15, 'Geraldine', 'Schneider', 'geraldine.schneider@whirlpoolcorp.com', '+1 313 123 4159', 15),
(16, 'Geraldine', 'Martin', 'geraldine.martin@aflac.com', '+1 313 123 4160', 16),
(17, 'Guillaume', 'Edwards', 'guillaume.edwards@autonation.com', '+1 616 123 4162', 17),
(18, 'Maurice', 'Mahoney', 'maurice.mahoney@progressive.com', '+1 616 123 4181', 18),
(19, 'Maurice', 'Hasan', 'maurice.hasan@abbott.com', '+1 517 123 4191', 19),
(20, 'Diane', 'Higgins', 'diane.higgins@dollargeneral.com', '+1 517 123 4199', 20),
(21, 'Dianne', 'Sen', 'dianne.sen@tenethealth.com', '+1 517 123 4201', 21),
(22, 'Maurice', 'Daltrey', 'maurice.daltrey@lilly.com', '+1 517 123 4206', 22),
(23, 'Tess', 'Roth', 'tess.roth@dteenergy.com', '+1 313 123 4219', 23),
(24, 'Ka', 'Kaufman', 'ka.kaufman@southwest.com', '+1 313 123 4222', 24),
(25, 'Sharyl', 'Montoya', 'sharyl.montoya@penskeautomotive.com', '+1 517 123 4225', 25),
(26, 'Daniel', 'Glass', 'daniel.glass@manpowergroup.com', '+1 313 123 4226', 26),
(27, 'Rena', 'Arnold', 'rena.arnold@assurant.com', '+1 517 123 4228', 27),
(28, 'Arlyne', 'Ingram', 'arlyne.ingram@kohlscorporation.com', '+1 313 123 4230', 28),
(29, 'Willie', 'Barrera', 'willie.barrera@starbucks.com', '+1 616 123 4234', 29),
(30, 'Mireya', 'Cochran', 'mireya.cochran@paccar.com', '+1 313 123 4242', 30),
(31, 'Marlene', 'Odom', 'marlene.odom@cummins.com', '+1 616 123 4245', 31),
(32, 'Jaclyn', 'Atkinson', 'jaclyn.atkinson@globalp.com', '+1 313 123 4248', 32),
(33, 'Al', 'Schultz', 'al.schultz@altria.com', '+1 517 123 4253', 33),
(34, 'Felicitas', 'Riley', 'felicitas.riley@xerox.com', '+1 313 123 4255', 34),
(35, 'Cora', 'Calhoun', 'cora.calhoun@kimberly-clark.com', '+1 313 123 4263', 35),
(36, 'Trula', 'Buckley', 'trula.buckley@thehartford.com', '+1 517 123 4265', 36),
(37, 'Sasha', 'Wallace', 'sasha.wallace@huntsman.com', '+1 319 123 4271', 37),
(38, 'Caitlin', 'Hill', 'caitlin.hill@kraftheinzcompany.com', '+1 515 123 4273', 38),
(39, 'Gino', 'Pickett', 'gino.pickett@lear.com', '+1 319 123 4278', 39),
(40, 'Amira', 'Macdonald', 'amira.macdonald@fluor.com', '+1 712 123 4280', 40),
(41, 'Mack', 'Morse', 'mack.morse@aecom.com', '+1 319 123 4282', 41),
(42, 'Eboni', 'Jarvis', 'eboni.jarvis@bd.com', '+1 319 123 4288', 42),
(43, 'Gabrielle', 'Dennis', 'gabrielle.dennis@facebook.com', '+1 515 123 4290', 43),
(44, 'Classie', 'Norris', 'classie.norris@jabil.com', '+1 319 123 4301', 44),
(45, 'Khalilah', 'Holman', 'khalilah.holman@centurylink.com', '+1 745 123 4306', 45),
(46, 'Isreal', 'Rose', 'isreal.rose@supervalu.com', '+1 414 123 4307', 46),
(47, 'Verena', 'Hopper', 'verena.hopper@generalmills.com', '+1 414 123 4308', 47),
(48, 'Audie', 'Flores', 'audie.flores@southerncompany.com', '+1 608 123 4309', 48),
(49, 'Gertrude', 'Cooke', 'gertrude.cooke@nexteraenergy.com', '+1 608 123 4318', 49),
(50, 'Princess', 'Kane', 'princess.kane@thermofisher.com', '+1 414 123 4323', 50),
(51, 'Jacinta', 'Faulkner', 'jacinta.faulkner@aep.com', '+1 414 123 4324', 51),
(52, 'Lashon', 'Wall', 'lashon.wall@pge.com', '+1 414 123 4328', 52),
(53, 'Corliss', 'Mcneil', 'corliss.mcneil@nglenergypartners.com', '+1 608 123 4332', 53),
(54, 'Brock', 'Webb', 'brock.webb@bms.com', '+1 608 123 4344', 54),
(55, 'Melany', 'Mcmahon', 'melany.mcmahon@goodyear.com', '+1 414 123 4347', 55),
(56, 'Rogelio', 'Kirby', 'rogelio.kirby@nucor.com', '+1 414 123 4348', 56),
(57, 'Wallace', 'Dillard', 'wallace.dillard@pnc.com', '+1 414 123 4350', 57),
(58, 'Gia', 'Boyle', 'gia.boyle@healthnet.com', '+1 745 123 4367', 58),
(59, 'Tennie', 'Gay', 'tennie.gay@micron.com', '+1 414 123 4369', 59),
(60, 'Ophelia', 'Hurst', 'ophelia.hurst@colgatepalmolive.com', '+1 715 123 4372', 60),
(61, 'Ciara', 'Flowers', 'ciara.flowers@fcx.com', '+1 414 123 4373', 61),
(62, 'Birgit', 'Stephenson', 'birgit.stephenson@conagrafoods.com', '+1 608 123 4374', 62),
(63, 'Shameka', 'Spencer', 'shameka.spencer@sempra.com', '+1 414 123 4376', 63),
(64, 'Alysa', 'Kane', 'alysa.kane@gapinc.com', '+1 608 123 4378', 64),
(65, 'Fransisca', 'Reeves', 'fransisca.reeves@bakerhughes.com', '+1 414 123 4381', 65),
(66, 'Jessika', 'Merritt', 'jessika.merritt@bnymellon.com', '+1 612 123 4397', 66),
(67, 'Agustina', 'Conner', 'agustina.conner@dollartree.com', '+1 612 123 4399', 67),
(68, 'Roxanna', 'Wade', 'roxanna.wade@autozone.com', '+1 612 123 4408', 68),
(69, 'Virgie', 'Mays', 'virgie.mays@wholefoodsmarket.com', '+1 612 123 4417', 69),
(70, 'Trang', 'Mcconnell', 'trang.mcconnell@ppg.com', '+1 612 123 4419', 70),
(71, 'Nada', 'West', 'nada.west@genpt.com', '+1 507 123 4421', 71),
(72, 'Catherina', 'Haney', 'catherina.haney@ielp.com', '+1 218 123 4429', 72),
(73, 'Harriette', 'Melton', 'harriette.melton@navistar.com', '+1 612 123 4434', 73),
(74, 'Willette', 'Rodgers', 'willette.rodgers@pfgc.com', '+1 315 123 4442', 74),
(75, 'Calandra', 'Williamson', 'calandra.williamson@omnicomgroup.com', '+1 315 123 4447', 75),
(76, 'Tamatha', 'Delgado', 'tamatha.delgado@dish.com', '+1 716 123 4457', 76),
(77, 'Felix', 'Ferguson', 'felix.ferguson@firstenergycorp.com', '+1 518 123 4459', 77),
(78, 'Elwood', 'Hampton', 'elwood.hampton@precast.com', '+1 518 123 4464', 78),
(79, 'Josh', 'Roach', 'josh.roach@monsanto.com', '+1 518 123 4474', 79),
(80, 'Luanna', 'Scott', 'luanna.scott@aes.com', '+1 914 123 4494', 80),
(81, 'Meryl', 'Cole', 'meryl.cole@carmax.com', '+1 518 123 4496', 81),
(82, 'Jannet', 'Elliott', 'jannet.elliott@discoverfinancial.com', '+1 716 123 4575', 82),
(83, 'Fae', 'Glenn', 'fae.glenn@nov.com', '+1 914 123 4578', 83),
(84, 'Francisco', 'Cummings', 'francisco.cummings@nrgenergy.com', '+1 315 123 4597', 84),
(85, 'Ermelinda', 'Benton', 'ermelinda.benton@westerndigital.com', '+1 716 123 4599', 85),
(86, 'Lasonya', 'Beard', 'lasonya.beard@marriott.com', '+1 716 123 4605', 86),
(87, 'Rayna', 'Tran', 'rayna.tran@libertyinteractive.com', '+1 518 123 4617', 87),
(88, 'Annice', 'Boyer', 'annice.boyer@walmart.com', '+1 518 123 4618', 88),
(89, 'Ja', 'Whitfield', 'ja.whitfield@exxonmobil.com', '+1 914 123 4619', 89),
(90, 'Jaime', 'Lester', 'jaime.lester@apple.com', '+1 518 123 4624', 90),
(91, 'Charlsie', 'Lindsey', 'charlsie.lindsey@berkshirehathaway.com', '+1 215 123 4644', 91),
(92, 'Jannette', 'Henry', 'jannette.henry@mckesson.com', '+1 610 123 4657', 92),
(93, 'Margart', 'Mccall', 'margart.mccall@unitedhealthgroup.com', '+1 412 123 4662', 93),
(94, 'Twanna', 'Cleveland', 'twanna.cleveland@cvshealth.com', '+1 814 123 4663', 94),
(95, 'Bronwyn', 'Horn', 'bronwyn.horn@gm.com', '+1 610 123 4664', 95),
(96, 'Jon', 'Petersen', 'jon.petersen@ford.com', '+1 610 123 4667', 96),
(97, 'Denny', 'Daniel', 'denny.daniel@att.com', '+1 610 123 4669', 97),
(98, 'Avis', 'Moore', 'avis.moore@ge.com', '+1 717 123 4674', 98),
(99, 'Eden', 'Burke', 'eden.burke@amerisourcebergen.com', '+1 215 123 4676', 99),
(100, 'ha', 'Lloyd', 'elisha.lloyd@verizon.com', '+1 412 123 4681', 100),
(101, 'Samara', 'Barnett', 'samara.barnett@chevron.com', '+1 412 123 4684', 101),
(102, 'Nadia', 'Sawyer', 'nadia.sawyer@costco.com', '+1 412 123 4688', 102),
(103, 'Melita', 'Holcomb', 'melita.holcomb@fanniemae.com', '+1 412 123 4691', 103),
(104, 'Evita', 'Dickerson', 'evita.dickerson@thekrogerco.com', '+1 717 123 4692', 104),
(105, 'Aundrea', 'Barry', 'aundrea.barry@amazon.com', '+1 814 123 4696', 105),
(106, 'Irvin', 'Leach', 'irvin.leach@walgreensbootsalliance.com', '+1 814 123 4697', 106),
(107, 'Kellee', 'Molina', 'kellee.molina@hp.com', '+1 412 123 4700', 107),
(108, 'Ronny', 'Sykes', 'ronny.sykes@cardinal.com', '+1 814 123 4706', 108),
(109, 'Ocie', 'Walton', 'ocie.walton@express-scripts.com', '+1 215 123 4708', 109),
(110, 'Reva', 'Fuller', 'reva.fuller@jpmorganchase.com', '+1 610 123 4714', 110),
(111, 'Marica', 'Henderson', 'marica.henderson@grainger.com', '+1 412 123 4718', 111),
(112, 'Vanetta', 'Gross', 'vanetta.gross@boeing.com', '+1 215 123 4721', 112),
(113, 'Audrea', 'Hayden', 'audrea.hayden@microsoft.com', '+1 814 123 4722', 113),
(114, 'Neda', 'Mcfadden', 'neda.mcfadden@bankofamerica.com', '+1 412 123 4724', 114),
(115, 'Dell', 'Wilkinson', 'dell.wilkinson@wellsfargo.com', '+1 717 123 4730', 115),
(116, 'Sharee', 'Carver', 'sharee.carver@baxter.com', '+1 215 123 4738', 116),
(117, 'Joaquina', 'Mcconnell', 'joaquina.mcconnell@homedepcom', '+1 717 123 4739', 117),
(118, 'Carlyn', 'Calderon', 'carlyn.calderon@citigroup.com', '+1 412 123 4740', 118),
(119, 'Olga', 'Wilkins', 'olga.wilkins@phillips66.com', '+1 717 123 4741', 119),
(120, 'Delpha', 'Golden', 'delpha.golden@stryker.com', '+1 215 123 4743', 120),
(121, 'Sharell', 'Branch', 'sharell.branch@ibm.com', '+1 610 123 4744', 121),
(122, 'Eleanor', 'Farley', 'eleanor.farley@valero.com', '+1 215 123 4745', 122),
(123, 'Justina', 'Hayes', 'justina.hayes@antheminc.com', '+1 717 123 4746', 123),
(124, 'Omer', 'Macdonald', 'omer.macdonald@pg.com', '+1 215 123 4748', 124),
(125, 'Roseline', 'Hill', 'roseline.hill@airproducts.com', '+1 717 123 4752', 125),
(126, 'Janeen', 'Holt', 'janeen.holt@statefarm.com', '+1 412 123 4763', 126),
(127, 'Tory', 'Avila', 'tory.avila@google.com', '+1 814 123 4766', 127),
(128, 'Keila', 'Slater', 'keila.slater@comcastcorporation.com', '+1 412 123 4767', 128),
(129, 'Jazmin', 'Burch', 'jazmin.burch@target.com', '+1 215 123 4768', 129),
(130, 'Tandy', 'Ramsey', 'tandy.ramsey@wnr.com', '+1 215 123 4771', 130),
(131, 'Debra', 'Herring', 'debra.herring@jnj.com', '+1 301 123 4794', 131),
(132, 'Monnie', 'Walker', 'monnie.walker@metlife.com', '+1 410 123 4795', 132),
(133, 'Alvaro', 'Hooper', 'alvaro.hooper@adm.com', '+1 410 123 4800', 133),
(134, 'Leandro', 'West', 'leandro.west@marathonpetroleum.com', '+1 410 123 4805', 134),
(135, 'Lurline', 'Dennis', 'lurline.dennis@freddiemac.com', '+1 410 012 4715', 135),
(136, 'Aurea', 'Sanders', 'aurea.sanders@pepsico.com', '+1 301 123 4809', 136),
(137, 'Stacia', 'Rutledge', 'stacia.rutledge@utc.com', '+1 410 123 4812', 137),
(138, 'Philomena', 'Elliott', 'philomena.elliott@aetna.com', '+1 410 123 4813', 138),
(139, 'Gonzalo', 'Stone', 'gonzalo.stone@lowes.com', '+1 301 123 4814', 139),
(140, 'So', 'Hardin', 'so.hardin@ups.com', '+1 410 123 4816', 140),
(141, 'Lauren', 'Rodriquez', 'lauren.rodriquez@aig.com', '+1 410 123 4817', 141),
(142, 'Loan', 'Patton', 'loan.patton@prudential.com', '+1 301 123 4818', 142),
(143, 'Ha', 'Lowe', 'ha.lowe@intel.com', '+1 301 123 4819', 143),
(144, 'Alexandra', 'Mcgowan', 'alexandra.mcgowan@humana.com', '+1 410 123 4822', 144),
(145, 'Melissa', 'Nichols', 'melissa.nichols@disney.com', '+1 410 123 4840', 145),
(146, 'Keesha', 'Cohen', 'keesha.cohen@cisco.com', '+1 414 123 4363', 146),
(147, 'Elvera', 'Benson', 'elvera.benson@pfizer.com', '+1 507 123 4387', 147),
(148, 'Lanora', 'Ray', 'lanora.ray@dow.com', '+1 612 123 4436', 148),
(149, 'Jimmy', 'Weber', 'jimmy.weber@sysco.com', '+1 219 123 4145', 149),
(150, 'Mae', 'Wilkinson', 'mae.wilkinson@fedex.com', '+1 616 123 4190', 150),
(151, 'Lino', 'Noble', 'lino.noble@caterpillar.com', '+1 313 123 4241', 151),
(152, 'Kathie', 'Jordan', 'kathie.jordan@lockheedmartin.com', '+1 616 123 4259', 152),
(153, 'Heike', 'Emerson', 'heike.emerson@newyorklife.com', '+1 319 123 4269', 153),
(154, 'Princess', 'Jones', 'princess.jones@uhsinc.com', '+1 712 123 4284', 154),
(155, 'Doretha', 'Tyler', 'doretha.tyler@coca-colacompany.com', '+1 712 123 4289', 155),
(156, 'Emilio', 'Duncan', 'emilio.duncan@hcahealthcare.com', '+1 414 123 4312', 156),
(157, 'Glinda', 'Lambert', 'glinda.lambert@ingrammicro.com', '+1 414 123 4364', 157),
(158, 'Emery', 'Schneider', 'emery.schneider@owens-minor.com', '+1 320 123 4385', 158),
(159, 'Amado', 'Jefferson', 'amado.jefferson@energytransfer.com', '+1 612 123 4407', 159),
(160, 'Hisako', 'Herrera', 'hisako.herrera@tysonfoods.com', '+1 716 123 4456', 160),
(161, 'Jamee', 'Mclaughlin', 'jamee.mclaughlin@aa.com', '+1 716 123 4582', 161),
(162, 'Audrie', 'Cannon', 'audrie.cannon@delta.com', '+1 716 123 4627', 162),
(163, 'Lacey', 'Walters', 'lacey.walters@charter.com', '+1 412 123 4677', 163),
(164, 'Weldon', 'Robinson', 'weldon.robinson@nationwide.com', '+1 215 123 4702', 164),
(165, 'Solange', 'Gates', 'solange.gates@johnsoncontrols.com', '+1 215 123 4749', 165),
(166, 'Jame', 'Calhoun', 'jame.calhoun@bestbuy.com', '+1 814 123 4755', 166),
(167, 'Stefan', 'Walters', 'stefan.walters@merck.com', '+1 301 123 4831', 167),
(168, 'Arlene', 'Elliott', 'arlene.elliott@advanceautoparts.com', '+1 313 123 4167', 168),
(169, 'Sofia', 'Burnett', 'sofia.burnett@libertymutual.com', '+1 219 123 4116', 169),
(170, 'Christal', 'Grant', 'christal.grant@gs.com', '+1 616 123 4166', 170),
(171, 'Violeta', 'Stokes', 'violeta.stokes@honeywell.com', '+1 810 123 4212', 171),
(172, 'Jackeline', 'Finley', 'jackeline.finley@mastercard.com', '+1 313 123 4240', 172),
(173, 'Heidy', 'Massey', 'heidy.massey@massmutual.com', '+1 414 123 4340', 173),
(174, 'Yolando', 'Wilkerson', 'yolando.wilkerson@oracle.com', '+1 716 123 4485', 174),
(175, 'Lucinda', 'Hurley', 'lucinda.hurley@morganstanley.com', '+1 518 123 4532', 175),
(176, 'Gita', 'Logan', 'gita.logan@cigna.com', '+1 518 123 4562', 176),
(177, 'Felicita', 'Alston', 'felicita.alston@unitedcontinentalholdings.com', '+1 315 123 4585', 177),
(178, 'Lela', 'Ewing', 'lela.ewing@allstate.com', '+1 412 123 4659', 178),
(179, 'Gabriel', 'Pollard', 'gabriel.pollard@tiaa.org', '+1 717 123 4679', 179),
(180, 'Vincenza', 'Walton', 'vincenza.walton@intlfcstone.com', '+1 215 123 4709', 180),
(181, 'Shandra', 'Higgins', 'shandra.higgins@chsinc.com', '+1 215 123 4751', 181),
(182, 'Thomasena', 'Pickett', 'thomasena.pickett@americanexpress.com', '+1 410 123 4807', 182),
(183, 'Aaron', 'Holder', 'aaron.holder@gilead.com', '+1 410 123 4829', 183),
(184, 'Carlos', 'Moody', 'carlos.moody@publix.com', '+86 811 012 4093', 184),
(185, 'Javier', 'Kim', 'javier.kim@generaldynamics.com', '+86 123 012 4095', 185),
(186, 'Fran', 'Battle', 'fran.battle@tjx.com', '+91 80 012 4123', 186),
(187, 'Shelia', 'Brewer', 'shelia.brewer@conocophillips.com', '+49 89 012 4129', 187),
(188, 'Jeri', 'Randall', 'jeri.randall@nike.com', '+49 90 012 4131', 188),
(189, 'Jermaine', 'Cote', 'jermaine.cote@wfscorp.com', '+49 91 012 4133', 189),
(190, 'Kenneth', 'Simmons', 'kenneth.simmons@3m.com', '+39 6 012 4543', 190),
(191, 'Dulce', 'Matthews', 'dulce.matthews@mondelezinternational.com', '+1 416 012 4147', 191),
(192, 'Kristle', 'Cain', 'kristle.cain@exeloncorp.com', '+39 55 012 4547', 192),
(193, 'Erika', 'Murray', 'erika.murray@21cf.com', '+39 55 012 4551', 193),
(194, 'Maud', 'Cohen', 'maud.cohen@johndeere.com', '+39 55 012 4555', 194),
(195, 'Rolanda', 'Vang', 'rolanda.vang@appliedmaterials.com', '+39 10 012 4365', 195),
(196, 'Renea', 'Carney', 'renea.carney@dupont.com', '+39 55 012 4565', 196),
(197, 'Sybil', 'Harding', 'sybil.harding@avnet.com', '+39 10 012 4367', 197),
(198, 'Colette', 'Estrada', 'colette.estrada@eastman.com', '+81 565 012 4567', 198),
(199, 'Maximo', 'Ortega', 'maximo.ortega@macysinc.com', '+39 10 012 4369', 199),
(200, 'Kina', 'Larsen', 'kina.larsen@enterpriseproducts.com', '+39 55 012 4569', 200),
(201, 'Jarvis', 'Allison', 'jarvis.allison@travelers.com', '+39 10 012 4371', 201),
(202, 'Collene', 'Newton', 'collene.newton@sonicautomotive.com', '+39 49 012 4373', 202),
(203, 'Vella', 'Hancock', 'vella.hancock@pmi.com', '+39 49 012 4375', 203),
(204, 'Retta', 'Martinez', 'retta.martinez@riteaid.com', '+39 49 012 4377', 204),
(205, 'Annelle', 'Lawrence', 'annelle.lawrence@techdata.com', '+39 10 012 4379', 205),
(206, 'Sherron', 'Simon', 'sherron.simon@ally.com', '+39 10 012 4381', 206),
(207, 'Carita', 'Mcintyre', 'carita.mcintyre@northwesternmutual.com', '+86 10 012 4165', 207),
(208, 'Stephaine', 'Booker', 'stephaine.booker@tsocorp.com', '+39 55 012 4559', 208),
(209, 'Emilie', 'Parsons', 'emilie.parsons@timewarner.com', '+39 10 012 4363', 209),
(210, 'Jaleesa', 'Bowen', 'jaleesa.bowen@cstbrands.com', '+66 76 012 4633', 210),
(211, 'Jeannie', 'Poole', 'jeannie.poole@aboutmcdonalds.com', '+91 80 012 4637', 211),
(212, 'Adrienne', 'Lang', 'adrienne.lang@qualcomm.com', '+39 2 012 4771', 212),
(213, 'Jess', 'Nguyen', 'jess.nguyen@searsholdings.com', '+39 2 012 4773', 213),
(214, 'Tandy', 'House', 'tandy.house@ebay.com', '+39 2 012 4775', 214),
(215, 'Herman', 'Stokes', 'herman.stokes@capitalone.com', '+39 49 012 4777', 215),
(216, 'Keesha', 'Lambert', 'keesha.lambert@emc.com', '+39 49 012 4779', 216),
(217, 'Lauren', 'Williamson', 'lauren.williamson@usaa.com', '+39 49 012 4781', 217),
(218, 'Lucius', 'Abbott', 'lucius.abbott@lennar.com', '+91 80 012 4783', 218),
(219, 'Beatrice', 'Ford', 'beatrice.ford@duke-energy.com', '+91 80 012 4785', 219),
(220, 'Tamisha', 'Vargas', 'tamisha.vargas@twc.com', '+91 80 012 4793', 220),
(221, 'Dick', 'Lamb', 'dick.lamb@halliburton.com', '+91 80 012 4803', 221),
(222, 'Yolanda', 'Ball', 'yolanda.ball@gamestopcorp.com', '+91 80 012 4809', 222),
(223, 'Jerica', 'Brooks', 'jerica.brooks@northropgrumman.com', '+91 11 012 4811', 223),
(224, 'Nichol', 'Carter', 'nichol.carter@arrow.com', '+91 11 012 4813', 224),
(225, 'Bobby', 'Wilson', 'bobby.wilson@rsac.com', '+91 11 012 4817', 225),
(226, 'Eve', 'Saunders', 'eve.saunders@officedepcom', '+91 80 012 4823', 226),
(227, 'Ginger', 'Atkinson', 'ginger.atkinson@nordstrom.com', '+91 33 012 4825', 227),
(228, 'Kenton', 'Harrell', 'kenton.harrell@kindermorgan.com', '+91 33 012 4827', 228),
(229, 'Misti', 'Velazquez', 'misti.velazquez@aramark.com', '+91 80 012 4829', 229),
(230, 'Brandie', 'Buchanan', 'brandie.buchanan@davita.com', '+91 22 012 4831', 230),
(231, 'Kandi', 'Holden', 'kandi.holden@molinahealthcare.com', '+91 80 012 4833', 231),
(232, 'Lashonda', 'Cunningham', 'lashonda.cunningham@wellcare.com', '+91 11 012 4835', 232),
(233, 'Roxanne', 'Michalkow', 'roxanne.michalkow@cbscorporation.com', '+91 172 012 4837', 233),
(234, 'Phuong', 'Sanders', 'phuong.sanders@visa.com', '+91 22 012 4839', 234),
(235, 'Vida', 'Kline', 'vida.kline@lfg.com', '+91 80 012 4841', 235),
(236, 'Mayola', 'Houston', 'mayola.houston@ecolab.com', '+91 80 012 4843', 236),
(237, 'Cristine', 'Bell', 'cristine.bell@kelloggcompany.com', '+91 11 012 4851', 237),
(238, 'Shamika', 'Bauer', 'shamika.bauer@chrobinson.com', '+91 11 012 4853', 238),
(239, 'Rebbeca', 'Day', 'rebbeca.day@textron.com', '+91 172 012 4861', 239),
(240, 'Maryrose', 'Cain', 'maryrose.cain@loews.com', '+91 80 012 4869', 240),
(241, 'Johnie', 'Rojas', 'johnie.rojas@itw.com', '+91 80 012 4887', 241),
(242, 'Verla', 'Christian', 'verla.christian@synnex.com', '+91 80 012 4889', 242),
(243, 'Teressa', 'Hewitt', 'teressa.hewitt@hormelfoods.com', '+91 80 012 4891', 243),
(244, 'Shenna', 'Blair', 'shenna.blair@viacom.com', '+91 141 012 4895', 244),
(245, 'Latoyia', 'Burt', 'latoyia.burt@hollyfrontier.com', '+91 80 012 4907', 245),
(246, 'Shaquita', 'Norman', 'shaquita.norman@landolakesinc.com', '+91 80 012 4919', 246),
(247, 'Myrna', 'Romero', 'myrna.romero@celgene.com', '+91 80 012 4931', 247),
(248, 'Bill', 'Stein', 'bill.stein@devonenergy.com', '+39 6 012 4501', 248),
(249, 'Olivia', 'Conrad', 'olivia.conrad@pbfenergy.com', '+39 6 012 4503', 249),
(250, 'Marianne', 'Bryant', 'marianne.bryant@genworth.com', '+39 6 012 4507', 250),
(251, 'Dustin', 'Paul', 'dustin.paul@yum.com', '+39 6 012 4511', 251),
(252, 'Elroy', 'Wolf', 'elroy.wolf@ti.com', '+39 6 012 4515', 252),
(253, 'Jadwiga', 'Morrison', 'jadwiga.morrison@cdw.com', '+39 6 012 4519', 253),
(254, 'Isabella', 'Ortega', 'isabella.ortega@paypal.com', '+39 6 012 4531', 254),
(255, 'Katia', 'Case', 'katia.case@wm.com', '+39 6 012 4535', 255),
(256, 'Enriqueta', 'Odom', 'enriqueta.odom@mmc.com', '+39 6 012 4539', 256),
(257, 'Don', 'Hansen', 'don.hansen@chk.com', '+39 10 012 4385', 257),
(258, 'Herb', 'Sloan', 'herb.sloan@pricelinegroup.com', '+39 10 012 4387', 258),
(259, 'Blanche', 'Robbins', 'blanche.robbins@parker.com', '+39 6 012 4389', 259),
(260, 'Gaynell', 'Burton', 'gaynell.burton@oxy.com', '+39 6 012 4391', 260),
(261, 'Marhta', 'Baldwin', 'marhta.baldwin@guardianlife.com', '+39 49 012 4409', 261),
(262, 'Peter', 'Gamble', 'peter.gamble@mgmresorts.com', '+39 49 012 4411', 262),
(263, 'Nathan', 'Callahan', 'nathan.callahan@farmers.com', '+39 10 012 4413', 263),
(264, 'Tereasa', 'Padilla', 'tereasa.padilla@jcpenney.com', '+39 49 012 4415', 264),
(265, 'Merrilee', 'Phillips', 'merrilee.phillips@conedison.com', '+39 49 012 4417', 265),
(266, 'Tisha', 'Mcdonald', 'tisha.mcdonald@autoliv.com', '+39 49 012 4419', 266),
(267, 'Napoleon', 'Cruz', 'napoleon.cruz@cognizant.com', '+39 10 012 4421', 267),
(268, 'Basilia', 'Downs', 'basilia.downs@vfc.com', '+66 76 012 4441', 268),
(269, 'Alessandra', 'Estrada', 'alessandra.estrada@ameriprise.com', '+41 56 012 3527', 269),
(270, 'Sherron', 'Flores', 'sherron.flores@fnf.com', '+41 57 012 3529', 270),
(271, 'Elicia', 'Townsend', 'elicia.townsend@csc.com', '+41 58 012 3531', 271),
(272, 'Percy', 'Hernandez', 'percy.hernandez@lb.com', '+41 59 012 3533', 272),
(273, 'Shelia', 'Cain', 'shelia.cain@jacobs.com', '+41 60 012 3535', 273),
(274, 'Charlene', 'Booker', 'charlene.booker@republicservices.com', '+41 61 012 3537', 274),
(275, 'Mac', 'Mckay', 'mac.mckay@principal.com', '+41 62 012 3539', 275),
(276, 'Jamison', 'Merritt', 'jamison.merritt@rossstores.com', '+41 63 012 3541', 276),
(277, 'Quinton', 'Woods', 'quinton.woods@bedbathandbeyond.com', '+41 64 012 3543', 277),
(278, 'Cathey', 'Mcdowell', 'cathey.mcdowell@csx.com', '+41 65 012 3545', 278),
(279, 'Deneen', 'Hays', 'deneen.hays@toysrusinc.com', '+41 66 012 3547', 279),
(280, 'Jackson', 'Morin', 'jackson.morin@sands.com', '+41 67 012 3549', 280),
(281, 'Margo', 'Hoffman', 'margo.hoffman@leucadia.com', '+41 2 012 3551', 281),
(282, 'Adah', 'Myers', 'adah.myers@dom.com', '+41 3 012 3553', 282),
(283, 'Florene', 'Craig', 'florene.craig@ussteel.com', '+41 81 012 3555', 283),
(284, 'Janey', 'Burris', 'janey.burris@l-3com.com', '+41 81 012 3557', 284),
(285, 'Evelina', 'Campbell', 'evelina.campbell@edisoninvestor.com', '+41 71 012 3559', 285),
(286, 'Thi', 'Maxwell', 'thi.maxwell@entergy.com', '+41 71 012 3561', 286),
(287, 'Aleshia', 'Reese', 'aleshia.reese@adp.com', '+41 4 012 3563', 287),
(288, 'Dorotha', 'Wong', 'dorotha.wong@firstdata.com', '+41 6 012 3565', 288),
(289, 'Estela', 'Donovan', 'estela.donovan@blackrock.com', '+41 7 012 3567', 289),
(290, 'Hassan', 'Rivers', 'hassan.rivers@westrock.com', '+41 31 012 3569', 290),
(291, 'Jen', 'Mcmahon', 'jen.mcmahon@voya.com', '+41 68 012 3571', 291),
(292, 'Barbie', 'Carter', 'barbie.carter@sherwin.com', '+41 5 012 3573', 292),
(293, 'Cleo', 'English', 'cleo.english@hiltonworldwide.com', '+41 8 012 3575', 293),
(294, 'Liana', 'Pena', 'liana.pena@corning.com', '+41 1 012 3577', 294),
(295, 'Francina', 'Slater', 'francina.slater@rrdonnelley.com', '+41 9 012 3579', 295),
(296, 'Josie', 'Steele', 'josie.steele@stanleyblackanddecker.com', '+41 69 012 3581', 296),
(297, 'Maryrose', 'Roberson', 'maryrose.roberson@xcelenergy.com', '+41 70 012 3583', 297),
(298, 'Elly', 'Salinas', 'elly.salinas@kiewit.com', '+91 80 012 3687', 298),
(299, 'Ginny', 'Carlson', 'ginny.carlson@orate.murphyusa.com', '+91 80 012 3689', 299),
(300, 'Mozelle', 'Schneider', 'mozelle.schneider@cbre.com', '+91 80 012 3695', 300),
(301, 'Adam', 'Jacobs', 'adam.jacobs@univar.com', '+91 80 012 3699', 301),
(302, 'Vernia', 'Hayes', 'vernia.hayes@drhorton.com', '+91 80 012 3701', 302),
(303, 'Ismael', 'Solomon', 'ismael.solomon@elcompanies.com', '+91 80 012 3703', 303),
(304, 'Ivey', 'Rutledge', 'ivey.rutledge@praxair.com', '+91 80 012 3709', 304),
(305, 'Jame', 'Terrell', 'jame.terrell@biogen.com', '+91 80 012 3711', 305),
(306, 'Daina', 'Combs', 'daina.combs@mosaicco.com', '+91 80 012 3715', 306),
(307, 'Lashunda', 'Davidson', 'lashunda.davidson@statestreet.com', '+91 80 012 3717', 307),
(308, 'Arlette', 'Thornton', 'arlette.thornton@unum.com', '+91 80 012 3719', 308),
(309, 'Darron', 'Robertson', 'darron.robertson@reynoldsamerican.com', '+91 80 012 3723', 309),
(310, 'Maple', 'Barnett', 'maple.barnett@core-mark.com', '+91 80 012 3725', 310),
(311, 'Charlsie', 'Carey', 'charlsie.carey@group1auto.com', '+91 80 012 3731', 311),
(312, 'Frank', 'Shannon', 'frank.shannon@henryschein.com', '+91 80 012 3733', 312),
(313, 'Josiah', 'Beasley', 'josiah.beasley@hertz.com', '+91 80 012 3735', 313),
(314, 'Annabelle', 'Butler', 'annabelle.butler@thrivent.com', '+91 80 012 3737', 314),
(315, 'Ed', 'Mueller', 'ed.mueller@nscorp.com', '+91 80 012 3739', 315),
(316, 'Colleen', 'Estrada', 'colleen.estrada@rgare.com', '+91 80 012 3741', 316),
(317, 'Nikia', 'Kent', 'nikia.kent@pseg.com', '+91 80 012 3745', 317),
(318, 'Amber', 'Brady', 'amber.brady@c-a-m.com', '+91 80 012 3837', 318),
(319, 'Wendell', 'Massey', 'wendell.massey@bbt.com', '+86 10 012 3839', 319);

-- --------------------------------------------------------

--
-- Table structure for table `countries`
--

CREATE TABLE `countries` (
  `CountryCode` varchar(3) NOT NULL,
  `CountryName` varchar(24) DEFAULT NULL,
  `RegionID` int(1) DEFAULT NULL
) ENGINE=InnoDB DEFAULT CHARSET=utf8 COLLATE=utf8_general_ci;

--
-- Dumping data for table `countries`
--

INSERT INTO `countries` (`CountryCode`, `CountryName`, `RegionID`) VALUES
(' AR', 'Argentina', 2),
(' AU', 'Australia', 3),
(' BE', 'Belgium', 1),
(' BR', 'Brazil', 2),
(' CA', 'Canada', 2),
(' CH', 'Switzerland', 1),
(' CN', 'China', 3),
(' DE', 'Germany', 1),
(' DK', 'Denmark', 1),
(' EG', 'Egypt', 4),
(' FR', 'France', 1),
(' IL', 'Israel', 4),
(' IN', 'India', 3),
(' IT', 'Italy', 1),
(' JP', 'Japan', 3),
(' KW', 'Kuwait', 4),
(' ML', 'Malaysia', 3),
(' MX', 'Mexico', 2),
(' NG', 'Nigeria', 4),
(' NL', 'Netherlands', 1),
(' SG', 'Singapore', 3),
(' UK', 'United Kingdom', 1),
(' US', 'United States of America', 2),
(' ZM', 'Zambia', 4),
(' ZW', 'Zimbabwe', 4);

-- --------------------------------------------------------

--
-- Table structure for table `customers`
--

CREATE TABLE `customers` (
  `CustomerID` int(3) NOT NULL,
  `CustomerName` varchar(35) DEFAULT NULL,
  `StreetAddress` varchar(27) DEFAULT NULL,
  `City` varchar(17) DEFAULT NULL,
  `State` varchar(4) DEFAULT NULL,
  `CreditLimit` int(4) DEFAULT NULL,
  `Website` varchar(43) DEFAULT NULL
) ENGINE=InnoDB DEFAULT CHARSET=utf8 COLLATE=utf8_general_ci;

--
-- Dumping data for table `customers`
--

INSERT INTO `customers` (`CustomerID`, `CustomerName`, `StreetAddress`, `City`, `State`, `CreditLimit`, `Website`) VALUES
(1, 'Raytheon', '514 W Superior St', 'Kokomo', 'IN', 100, 'http://www.raytheon.com\');'),
(2, 'Plains GP Holdings', '2515 Bloyd Ave', 'Indianapolis', 'IN', 100, 'http://www.plainsallamerican.com\');'),
(3, 'US Foods Holding', '8768 N State Rd 37', 'Bloomington', 'IN', 100, 'http://www.usfoods.com\');'),
(4, 'AbbVie', '6445 Bay Harbor Ln', 'Indianapolis', 'IN', 100, 'http://www.abbvie.com\');'),
(5, 'Centene', '4019 W 3Rd St', 'Bloomington', 'IN', 100, 'http://www.centene.com\');'),
(6, 'Community Health Systems', '1608 Portage Ave', 'South Bend', 'IN', 100, 'http://www.chs.net\');'),
(7, 'Alcoa', '23943 Us Highway 33', 'Elkhart', 'IN', 100, 'http://www.alcoa.com\');'),
(8, 'International Paper', '136 E Market St # 800', 'Indianapolis', 'IN', 100, 'http://www.internationalpaper.com\');'),
(9, 'Emerson Electric', '1905 College St', 'South Bend', 'IN', 100, 'http://www.emerson.com\');'),
(10, 'Union Pacific', '3512 Rockville Rd # 137C', 'Indianapolis', 'IN', 200, 'http://www.up.com\');'),
(11, 'Amgen', '1303 E University St', 'Bloomington', 'IN', 200, 'http://www.amgen.com\');'),
(12, 'U.S. Bancorp', '115 N Weinbach Ave', 'Evansville', 'IN', 200, 'http://www.usbank.com\');'),
(13, 'Staples', '2067 Rollett Ln', 'Evansville', 'IN', 200, 'http://www.staples.com\');'),
(14, 'Danaher', '1105 E Allendale Dr', 'Bloomington', 'IN', 200, 'http://www.danaher.com\');'),
(15, 'Whirlpool', '18305 Van Dyke St', 'Detroit', 'MI', 200, 'http://www.whirlpoolcorp.com\');'),
(16, 'Aflac', 'Lucas Dr Bldg 348', 'Detroit', 'MI', 200, 'http://www.aflac.com\');'),
(17, 'AutoNation', '1801 Monroe Ave Nw', 'Grand Rapids', 'MI', 200, 'http://www.autonation.com\');'),
(18, 'Progressive', '4925 Kendrick St Se', 'Grand Rapids', 'MI', 200, 'http://www.progressive.com\');'),
(19, 'Abbott Laboratories', '3310 Dixie Ct', 'Saginaw', 'MI', 200, 'http://www.abbott.com\');'),
(20, 'Dollar General', '113 Washington Sq N', 'Lansing', 'MI', 200, 'http://www.dollargeneral.com\');'),
(21, 'Tenet Healthcare', '2500 S Pennsylvania Ave', 'Lansing', 'MI', 200, 'http://www.tenethealth.com\');'),
(22, 'Eli Lilly', '3213 S Cedar St', 'Lansing', 'MI', 200, 'http://www.lilly.com\');'),
(23, 'DTE Energy', '8110 Jackson Rd', 'Ann Arbor', 'MI', 200, 'http://www.dteenergy.com\');'),
(24, 'Southwest Airlines', '6654 W Lafayette St', 'Detroit', 'MI', 200, 'http://www.southwest.com\');'),
(25, 'Penske Automotive Group', '27 Benton Rd', 'Saginaw', 'MI', 200, 'http://www.penskeautomotive.com\');'),
(26, 'ManpowerGroup', '8201 Livernois Ave', 'Detroit', 'MI', 300, 'http://www.manpowergroup.com\');'),
(27, 'Assurant', '101 N Falahee Rd', 'Jackson', 'MI', 300, 'http://www.assurant.com\');'),
(28, 'Kohl?s', '3100 E Eisenhower Pky # 100', 'Ann Arbor', 'MI', 300, 'http://www.kohlscorporation.com\');'),
(29, 'Starbucks', '952 Vassar Dr', 'Kalamazoo', 'MI', 400, 'http://www.starbucks.com\');'),
(30, 'Paccar', '150 W Jefferson Ave # 2500', 'Detroit', 'MI', 400, 'http://www.paccar.com\');'),
(31, 'Cummins', '40 Pearl St Nw # 1020', 'Grand Rapids', 'MI', 400, 'http://www.cummins.com\');'),
(32, 'Global Partners', '1135 Catherine St', 'Ann Arbor', 'MI', 400, 'http://www.globalp.com\');'),
(33, 'Altria Group', '301 E Genesee Ave', 'Saginaw', 'MI', 400, 'http://www.altria.com\');'),
(34, 'Xerox', '9936 Dexter Ave', 'Detroit', 'MI', 400, 'http://www.xerox.com\');'),
(35, 'Kimberly-Clark', '1660 University Ter', 'Ann Arbor', 'MI', 400, 'http://www.kimberly-clark.com\');'),
(36, 'Hartford Financial Services Group', '15713 N East St', 'Lansing', 'MI', 400, 'http://www.thehartford.com\');'),
(37, 'Huntsman', '555 John F Kennedy Rd', 'Dubuque', 'IA', 500, 'http://www.huntsman.com\');'),
(38, 'Kraft Heinz', '10315 Hickman Rd', 'Des Moines', 'IA', 500, 'http://www.kraftheinzcompany.com\');'),
(39, 'Lear', '2115 N Towne Ln Ne', 'Cedar Rapids', 'IA', 500, 'http://www.lear.com\');'),
(40, 'Fluor', '1928 Sherwood Dr', 'Council Bluffs', 'IA', 500, 'http://www.fluor.com\');'),
(41, 'AECOM', '2102 E Kimberly Rd', 'Davenport', 'IA', 500, 'http://www.aecom.com\');'),
(42, 'Becton Dickinson', '1691 Asbury Rd', 'Dubuque', 'IA', 500, 'http://www.bd.com\');'),
(43, 'Facebook', '5112 Sw 9Th St', 'Des Moines', 'IA', 500, 'http://www.facebook.com\');'),
(44, 'Jabil Circuit', '221 3Rd Ave Se # 300', 'Cedar Rapids', 'IA', 500, 'http://www.jabil.com\');'),
(45, 'CenturyLink', '2120 Heights Dr', 'Eau Claire', 'WI', 500, 'http://www.centurylink.com\');'),
(46, 'Supervalu', '8989 N Port Washington Rd', 'Milwaukee', 'WI', 500, 'http://www.supervalu.com\');'),
(47, 'General Mills', '6555 W Good Hope Rd', 'Milwaukee', 'WI', 600, 'http://www.generalmills.com\');'),
(48, 'Southern', '1314 N Stoughton Rd', 'Madison', 'WI', 600, 'http://www.southerncompany.com\');'),
(49, 'NextEra Energy', '4715 Sprecher Rd', 'Madison', 'WI', 600, 'http://www.nexteraenergy.com\');'),
(50, 'Thermo Fisher Scientific', '6161 N 64Th St', 'Milwaukee', 'WI', 700, 'http://www.thermofisher.com\');'),
(51, 'American Electric Power', '11016 W Lincoln Ave', 'Milwaukee', 'WI', 700, 'http://www.aep.com\');'),
(52, 'PG&E Corp.', '8600 W National Ave', 'Milwaukee', 'WI', 700, 'http://www.pge.com\');'),
(53, 'NGL Energy Partners', '615 N Sherman Ave', 'Madison', 'WI', 700, 'http://www.nglenergypartners.com\');'),
(54, 'Bristol-Myers Squibb', '512 E Grand Ave', 'Beloit', 'WI', 700, 'http://www.bms.com\');'),
(55, 'Goodyear Tire & Rubber', '600 N Broadway Fl 1', 'Milwaukee', 'WI', 700, 'http://www.goodyear.com\');'),
(56, 'Nucor', '5235 N Ironwood Ln', 'Milwaukee', 'WI', 700, 'http://www.nucor.com\');'),
(57, 'PNC Financial Services Group', '322 E Michigan St', 'Milwaukee', 'WI', 700, 'http://www.pnc.com\');'),
(58, 'Health Net', '1400 Bellinger St Fl 4', 'Eau Claire', 'WI', 700, 'http://www.healthnet.com\');'),
(59, 'Micron Technology', '411 E Wisconsin Ave # 2550', 'Milwaukee', 'WI', 700, 'http://www.micron.com\');'),
(60, 'Colgate-Palmolive', '808 3Rd St # 100', 'Wausau', 'WI', 700, 'http://www.colgatepalmolive.com\');'),
(61, 'Freeport-McMoRan', '300 Crooks St', 'Green Bay', 'WI', 900, 'http://www.fcx.com\');'),
(62, 'ConAgra Foods', '122 E Dayton St', 'Madison', 'WI', 900, 'http://www.conagrafoods.com\');'),
(63, 'Sempra Energy', '633 S Hawley Rd', 'Milwaukee', 'WI', 900, 'http://www.sempra.com\');'),
(64, 'Gap', '2122 Campbell Rd', 'La Crosse', 'WI', 1200, 'http://www.gapinc.com\');'),
(65, 'Baker Hughes', '3324 N Oakland Ave', 'Milwaukee', 'WI', 1200, 'http://www.bakerhughes.com\');'),
(66, 'Bank of New York Mellon Corp.', '666 22Nd Ave Ne', 'Minneapolis', 'MN', 1200, 'http://www.bnymellon.com\');'),
(67, 'Dollar Tree', '1501 Lowry Ave N', 'Minneapolis', 'MN', 1200, 'http://www.dollartree.com\');'),
(68, 'AutoZone', '113 N 1St St', 'Minneapolis', 'MN', 1200, 'http://www.autozone.com\');'),
(69, 'Whole Foods Market', '4200 Yosemite Ave S', 'Minneapolis', 'MN', 1200, 'http://www.wholefoodsmarket.com\');'),
(70, 'PPG Industries', '2800 Chicago Ave # 100', 'Minneapolis', 'MN', 1200, 'http://www.ppg.com\');'),
(71, 'Genuine Parts', '200 1St St Sw', 'Rochester', 'MN', 1200, 'http://www.genpt.com\');'),
(72, 'Icahn Enterprises', '314 W Superior St # 1015', 'Duluth', 'MN', 1200, 'http://www.ielp.com\');'),
(73, 'Navistar International', '1409 Willow St # 600', 'Minneapolis', 'MN', 1200, 'http://www.navistar.com\');'),
(74, 'Performance Food Group', '2720 Brewerton Rd', 'Syracuse', 'NY', 1200, 'http://www.pfgc.com\');'),
(75, 'Omnicom Group', '2134 W Genesee St', 'Syracuse', 'NY', 1200, 'http://www.omnicomgroup.com\');'),
(76, 'DISH Network', '1522 Main St', 'Niagara Falls', 'NY', 1200, 'http://www.dish.com\');'),
(77, 'FirstEnergy', '49 N Pine Ave', 'Albany', 'NY', 1200, 'http://www.firstenergycorp.com\');'),
(78, 'Precision Castparts', '726 Union St', 'Hudson', 'NY', 1200, 'http://www.precast.com\');'),
(79, 'Monsanto', '137 Lark St', 'Albany', 'NY', 1200, 'http://www.monsanto.com\');'),
(80, 'AES', '33 Fulton St', 'Poughkeepsie', 'NY', 1200, 'http://www.aes.com\');'),
(81, 'CarMax', '2360 Maxon Rd', 'Schenectady', 'NY', 1200, 'http://www.carmax.com\');'),
(82, 'Discover Financial Services', '85 High St', 'Buffalo', 'NY', 1200, 'http://www.discoverfinancial.com\');'),
(83, 'National Oilwell Varco', '1 Palisade Ave Fl 2', 'Yonkers', 'NY', 1200, 'http://www.nov.com\');'),
(84, 'NRG Energy', '500 S Salina St # 500', 'Syracuse', 'NY', 1200, 'http://www.nrgenergy.com\');'),
(85, 'Western Digital', '33 Pine St', 'Lockport', 'NY', 1200, 'http://www.westerndigital.com\');'),
(86, 'Marriott International', 'Po Box 2152', 'Buffalo', 'NY', 1200, 'http://www.marriott.com\');'),
(87, 'Liberty Interactive', '2979 Hamburg St', 'Schenectady', 'NY', 1200, 'http://www.libertyinteractive.com\');'),
(88, 'Walmart', '1790 Grand Blvd', 'Schenectady', 'NY', 1200, 'http://www.walmart.com\');'),
(89, 'Exxon Mobil', '7 Ingelside Ln', 'White Plains', 'NY', 1200, 'http://www.exxonmobil.com\');'),
(90, 'Apple', '18 Glenridge Rd', 'Schenectady', 'NY', 1200, 'http://www.apple.com\');'),
(91, 'Berkshire Hathaway', '6432 Rising Sun Ave', 'Philadelphia', 'PA', 1200, 'http://www.berkshirehathaway.com\');'),
(92, 'McKesson', 'Rr 10', 'Reading', 'PA', 1200, 'http://www.mckesson.com\');'),
(93, 'UnitedHealth Group', '2455 Rose Garden Rd', 'Pittsburgh', 'PA', 1200, 'http://www.unitedhealthgroup.com\');'),
(94, 'CVS Health', '1812 Timberline Rd', 'Altoona', 'PA', 1200, 'http://www.cvshealth.com\');'),
(95, 'General Motors', '141 Schiller St', 'Reading', 'PA', 1200, 'http://www.gm.com\');'),
(96, 'Ford Motor', '1126 Pawlings Rd', 'Norristown', 'PA', 1200, 'http://www.ford.com\');'),
(97, 'AT&T', '55 Church Hill Rd', 'Reading', 'PA', 1200, 'http://www.att.com\');'),
(98, 'General Electric', '354 N Prince St', 'Lancaster', 'PA', 1200, 'http://www.ge.com\');'),
(99, 'AmerisourceBergen', '115 Chestnut St', 'Philadelphia', 'PA', 1400, 'http://www.amerisourcebergen.com\');'),
(100, 'Verizon', '2899 Grand Ave', 'Pittsburgh', 'PA', 1400, 'http://www.verizon.com\');'),
(101, 'Chevron', 'Po Box 39', 'Indiana', 'PA', 1400, 'http://www.chevron.com\');'),
(102, 'Costco', '1604 Broadway Ave', 'Pittsburgh', 'PA', 1400, 'http://www.costco.com\');'),
(103, 'Fannie Mae', '4734 Liberty Ave', 'Pittsburgh', 'PA', 1400, 'http://www.fanniemae.com\');'),
(104, 'Kroger', '21 Thornwood Rd', 'Harrisburg', 'PA', 1400, 'http://www.thekrogerco.com\');'),
(105, 'Amazon.com', '3725 W Lake Rd', 'Erie', 'PA', 1400, 'http://www.amazon.com\');'),
(106, 'Walgreens Boots Alliance', '1808 4Th Ave', 'Altoona', 'PA', 1400, 'http://www.walgreensbootsalliance.com\');'),
(107, 'HP', 'Station Sq', 'Pittsburgh', 'PA', 1400, 'http://www.hp.com\');'),
(108, 'Cardinal Health', '4020 Garden Ave', 'Erie', 'PA', 1400, 'http://www.cardinal.com\');'),
(109, 'Express Scripts Holding', '100 N Peach St', 'Philadelphia', 'PA', 1400, 'http://www.express-scripts.com\');'),
(110, 'J.P. Morgan Chase', '835 Heister Ln', 'Reading', 'PA', 1400, 'http://www.jpmorganchase.com\');'),
(111, 'W.W. Grainger', '378 S Negley Ave', 'Pittsburgh', 'PA', 1500, 'http://www.grainger.com\');'),
(112, 'Boeing', '5643 N 5Th St', 'Philadelphia', 'PA', 1500, 'http://www.boeing.com\');'),
(113, 'Microsoft', '1401 W Warren Rd', 'Bradford', 'PA', 1500, 'http://www.microsoft.com\');'),
(114, 'Bank of America Corp.', '815 Freeport Rd', 'Pittsburgh', 'PA', 1500, 'http://www.bankofamerica.com\');'),
(115, 'Wells Fargo', '327 N Washington Ave # 300', 'Scranton', 'PA', 1900, 'http://www.wellsfargo.com\');'),
(116, 'Baxter International', '810 Race St', 'Philadelphia', 'PA', 1900, 'http://www.baxter.com\');'),
(117, 'Home Depot', '4901 Locust Ln', 'Harrisburg', 'PA', 2300, 'http://www.homedepcom\');'),
(118, 'Citigroup', '3376 Perrysville Ave', 'Pittsburgh', 'PA', 2300, 'http://www.citigroup.com\');'),
(119, 'Phillips 66', '220 Penn Ave # 300', 'Scranton', 'PA', 2300, 'http://www.phillips66.com\');'),
(120, 'Stryker', '135 S 18Th St # 1', 'Philadelphia', 'PA', 2300, 'http://www.stryker.com\');'),
(121, 'IBM', '522 Swede St', 'Norristown', 'PA', 2300, 'http://www.ibm.com\');'),
(122, 'Valero Energy', '7708 City Ave', 'Philadelphia', 'PA', 2300, 'http://www.valero.com\');'),
(123, 'Anthem', '1801 Lititz Pike', 'Lancaster', 'PA', 2300, 'http://www.antheminc.com\');'),
(124, 'Procter & Gamble', '101 E Olney Ave', 'Philadelphia', 'PA', 2300, 'http://www.pg.com\');'),
(125, 'Air Products & Chemicals', '612 Jefferson Ave', 'Scranton', 'PA', 2300, 'http://www.airproducts.com\');'),
(126, 'State Farm Insurance Cos.', '223 4Th Ave # 1100', 'Pittsburgh', 'PA', 2300, 'http://www.statefarm.com\');'),
(127, 'Alphabet', '36 W 34Th St', 'Erie', 'PA', 2400, 'http://www.google.com\');'),
(128, 'Comcast', '1007 Mount Royal Blvd', 'Pittsburgh', 'PA', 2400, 'http://www.comcastcorporation.com\');'),
(129, 'Target', '601 Market St', 'Philadelphia', 'PA', 2400, 'http://www.target.com\');'),
(130, 'Western Refining', '5565 Baynton St', 'Philadelphia', 'PA', 2400, 'http://www.wnr.com\');'),
(131, 'Johnson & Johnson', '5640 Fishers Ln', 'Rockville', 'MD', 2400, 'http://www.jnj.com\');'),
(132, 'MetLife', '5122 Sinclair Ln', 'Baltimore', 'MD', 2400, 'http://www.metlife.com\');'),
(133, 'Archer Daniels Midland', '680 Bel Air Rd', 'Bel Air', 'MD', 2400, 'http://www.adm.com\');'),
(134, 'Marathon Petroleum', '4301 Ashland Ave', 'Baltimore', 'MD', 2400, 'http://www.marathonpetroleum.com\');'),
(135, 'Freddie Mac', '8004 Stansbury Rd', 'Baltimore', 'MD', 2400, 'http://www.freddiemac.com\');'),
(136, 'PepsiCo', '10209 Yearling Dr', 'Rockville', 'MD', 2400, 'http://www.pepsico.com\');'),
(137, 'United Technologies', '3000 Greenmount Ave', 'Baltimore', 'MD', 2400, 'http://www.utc.com\');'),
(138, 'Aetna', '200 E Fort Ave', 'Baltimore', 'MD', 2400, 'http://www.aetna.com\');'),
(139, 'Lowe?s', '1262 Vocke Rd', 'Cumberland', 'MD', 2400, 'http://www.lowes.com\');'),
(140, 'UPS', '3314 Eastern Ave', 'Baltimore', 'MD', 2400, 'http://www.ups.com\');'),
(141, 'AIG', '12817 Coastal Hwy', 'Ocean City', 'MD', 2400, 'http://www.aig.com\');'),
(142, 'Prudential Financial', '11200 Scaggsville Rd', 'Laurel', 'MD', 2400, 'http://www.prudential.com\');'),
(143, 'Intel', '9435 Washington Blvd N # M', 'Laurel', 'MD', 2400, 'http://www.intel.com\');'),
(144, 'Humana', '2300 Harford Rd', 'Baltimore', 'MD', 2400, 'http://www.humana.com\');'),
(145, 'Disney', '2 2Nd St # A', 'Ocean City', 'MD', 2400, 'http://www.disney.com\');'),
(146, 'Cisco Systems', '6917 W Oklahoma Ave', 'Milwaukee', 'WI', 2400, 'http://www.cisco.com\');'),
(147, 'Pfizer', '206 S Broadway # 707', 'Rochester', 'MN', 2400, 'http://www.pfizer.com\');'),
(148, 'Dow Chemical', '160 Glenwood Ave', 'Minneapolis', 'MN', 2400, 'http://www.dow.com\');'),
(149, 'Sysco', '6915 Grand Ave', 'Hammond', 'IN', 2400, 'http://www.sysco.com\');'),
(150, 'FedEx', '2215 Oak Industrial Dr Ne', 'Grand Rapids', 'MI', 2400, 'http://www.fedex.com\');'),
(151, 'Caterpillar', '65 Cadillac Sq # 2701', 'Detroit', 'MI', 2500, 'http://www.caterpillar.com\');'),
(152, 'Lockheed Martin', '3435 Tuscany Dr Se', 'Grand Rapids', 'MI', 2500, 'http://www.lockheedmartin.com\');'),
(153, 'New York Life Insurance', '215 4Th Ave Se', 'Cedar Rapids', 'IA', 2500, 'http://www.newyorklife.com\');'),
(154, 'Universal Health Services', '1751 Madison Ave', 'Council Bluffs', 'IA', 3500, 'http://www.uhsinc.com\');'),
(155, 'Coca-Cola', '810 1St Ave', 'Council Bluffs', 'IA', 3500, 'http://www.coca-colacompany.com\');'),
(156, 'HCA Holdings', '500 W Oklahoma Ave', 'Milwaukee', 'WI', 3500, 'http://www.hcahealthcare.com\');'),
(157, 'Ingram Micro', '4811 S 76Th St # 205', 'Milwaukee', 'WI', 3600, 'http://www.ingrammicro.com\');'),
(158, 'Owens & Minor', '310 Broadway St', 'Alexandria', 'MN', 3600, 'http://www.owens-minor.com\');'),
(159, 'Energy Transfer Equity', '1721 E Lake St', 'Minneapolis', 'MN', 3600, 'http://www.energytransfer.com\');'),
(160, 'Tyson Foods', '255 Great Arrow Ave', 'Buffalo', 'NY', 3600, 'http://www.tysonfoods.com\');'),
(161, 'American Airlines Group', '800 Carter St', 'Rochester', 'NY', 3600, 'http://www.aa.com\');'),
(162, 'Delta Air Lines', '6640 Campbell Blvd', 'Lockport', 'NY', 3600, 'http://www.delta.com\');'),
(163, 'Charter Communications', '802 North Ave', 'Pittsburgh', 'PA', 3600, 'http://www.charter.com\');'),
(164, 'Nationwide', '1136 Arch St', 'Philadelphia', 'PA', 3600, 'http://www.nationwide.com\');'),
(165, 'Johnson Controls', '6Th And Master St', 'Philadelphia', 'PA', 3600, 'http://www.johnsoncontrols.com\');'),
(166, 'Best Buy', 'Rt 6 E', 'Warren', 'PA', 3700, 'http://www.bestbuy.com\');'),
(167, 'Merck', '1924 Bedford St', 'Cumberland', 'MD', 3700, 'http://www.merck.com\');'),
(168, 'Advance Auto Parts', '2674 Collingwood St', 'Detroit', 'MI', 3700, 'http://www.advanceautoparts.com\');'),
(169, 'Liberty Mutual Insurance Group', '2713 N Bendix Dr', 'South Bend', 'IN', 3700, 'http://www.libertymutual.com\');'),
(170, 'Goldman Sachs Group', '23985 Bedford Rd N', 'Battle Creek', 'MI', 3700, 'http://www.gs.com\');'),
(171, 'Honeywell International', '752 W Huron St', 'Pontiac', 'MI', 3700, 'http://www.honeywell.com\');'),
(172, 'MasterCard', '660 Woodward Ave # 2290', 'Detroit', 'MI', 3700, 'http://www.mastercard.com\');'),
(173, 'Massachusetts Mutual Life Insurance', '1330 N Memorial Dr', 'Racine', 'WI', 5000, 'http://www.massmutual.com\');'),
(174, 'Oracle', '701 Seneca St', 'Buffalo', 'NY', 5000, 'http://www.oracle.com\');'),
(175, 'Morgan Stanley', '8 Automation Ln', 'Albany', 'NY', 5000, 'http://www.morganstanley.com\');'),
(176, 'Cigna', '811 N Brandywine Ave', 'Schenectady', 'NY', 5000, 'http://www.cigna.com\');'),
(177, 'United Continental Holdings', '2904 S Salina St', 'Syracuse', 'NY', 5000, 'http://www.unitedcontinentalholdings.com\');'),
(178, 'Allstate', '3025 Sussex Ave', 'Pittsburgh', 'PA', 5000, 'http://www.allstate.com\');'),
(179, 'TIAA', '932 High St', 'Lancaster', 'PA', 5000, 'http://www.tiaa.org\');'),
(180, 'INTL FCStone', '5344 Haverford Ave', 'Philadelphia', 'PA', 5000, 'http://www.intlfcstone.com\');'),
(181, 'CHS', '6959 Tulip St', 'Philadelphia', 'PA', 5000, 'http://www.chsinc.com\');'),
(182, 'American Express', '511 S Central Ave # A', 'Baltimore', 'MD', 5000, 'http://www.americanexpress.com\');'),
(183, 'Gilead Sciences', '400 E Joppa Rd', 'Baltimore', 'MD', 5000, 'http://www.gilead.com\');'),
(184, 'Publix Super Markets', '1795 Wu Meng', 'Muang Chonburi', 'null', 1200, 'http://www.publix.com\');'),
(185, 'General Dynamics', '1796 Tsing Tao', 'Muang Nonthaburi', 'null', 1200, 'http://www.generaldynamics.com\');'),
(186, 'TJX', '1810 Tucker Crt', 'Mumbai', 'null', 5000, 'http://www.tjx.com\');'),
(187, 'ConocoPhillips', 'Walpurgisstr 69', 'Munich', 'null', 2400, 'http://www.conocophillips.com\');'),
(188, 'Nike', 'Sendlinger Tor 4', 'Munich', 'null', 2400, 'http://www.nike.com\');'),
(189, 'World Fuel Services', 'Theresienstr 15', 'Munich', 'null', 2400, 'http://www.wfscorp.com\');'),
(190, '3M', 'Via Frenzy 6903', 'Roma', 'null', 1200, 'http://www.3m.com\');'),
(191, 'Mondelez International', '1822 Ironweed St', 'Toronto', 'ONT', 1200, 'http://www.mondelezinternational.com\');'),
(192, 'Exelon', 'Via Luminosa 162', 'Firenze', 'null', 500, 'http://www.exeloncorp.com\');'),
(193, 'Twenty-First Century Fox', 'Via Notoriosa 1932 Rd', 'Firenze', 'null', 500, 'http://www.21cf.com\');'),
(194, 'Deere', 'Via Notoriosa 1941', 'Firenze', 'null', 500, 'http://www.johndeere.com\');'),
(195, 'Applied Materials', 'Via Dolorosa 69', 'Tellaro', 'null', 700, 'http://www.appliedmaterials.com\');'),
(196, 'DuPont', 'Via Notoriosa 1943', 'Firenze', 'null', 2400, 'http://www.dupont.com\');'),
(197, 'Avnet', 'Via Luminosa 162', 'Tellaro', 'null', 700, 'http://www.avnet.com\');'),
(198, 'Eastman Chemical', '2017 Convoy St', 'Tokyo', 'null', 2400, 'http://www.eastman.com\');'),
(199, 'Macy?s', 'Via Di Firenze 231', 'Tellaro', 'null', 700, 'http://www.macysinc.com\');'),
(200, 'Enterprise Products Partners', 'Via Notoriosa 1949', 'Firenze', 'null', 2400, 'http://www.enterpriseproducts.com\');'),
(201, 'Travelers Cos.', 'Via Frenzy 6903', 'Tellaro', 'null', 3600, 'http://www.travelers.com\');'),
(202, 'Sonic Automotive', 'Piazza Del Congresso 22', 'San Giminiano', 'null', 3600, 'http://www.sonicautomotive.com\');'),
(203, 'Philip Morris International', 'Piazza Quattre Stagioni 4', 'San Giminiano', 'null', 3600, 'http://www.pmi.com\');'),
(204, 'Rite Aid', 'Piazza Cacchiatore 23', 'San Giminiano', 'null', 3600, 'http://www.riteaid.com\');'),
(205, 'Tech Data', 'Via Notoriosa 1932', 'Tellaro', 'null', 3600, 'http://www.techdata.com\');'),
(206, 'Ally Financial', 'Via Notoriosa 1949', 'Ventimiglia', 'null', 3600, 'http://www.ally.com\');'),
(207, 'Northwestern Mutual', '1831 No Wong', 'Peking', 'null', 3600, 'http://www.northwesternmutual.com\');'),
(208, 'Tesoro', 'Via Notoriosa 1942', 'Firenze', 'null', 500, 'http://www.tsocorp.com\');'),
(209, 'Time Warner', 'Via Delle Grazie 11', 'Tellaro', 'null', 2400, 'http://www.timewarner.com\');'),
(210, 'CST Brands', '2033 Spartacus St', 'Samutprakarn', 'null', 3700, 'http://www.cstbrands.com\');'),
(211, 'McDonald?s', '2034 Sabrina Rd', 'Samutprakarn', 'null', 3700, 'http://www.aboutmcdonalds.com\');'),
(212, 'Qualcomm', 'Piazza Svizzera', 'Milano', 'null', 500, 'http://www.qualcomm.com\');'),
(213, 'Sears Holdings', 'Ruella Delle Spiriti', 'Milano', 'null', 500, 'http://www.searsholdings.com\');'),
(214, 'eBay', 'Via Del Disegno 194', 'Milano', 'null', 1500, 'http://www.ebay.com\');'),
(215, 'Capital One Financial', 'Via Delle Capeletti 52', 'San Giminiano', 'null', 1500, 'http://www.capitalone.com\');'),
(216, 'EMC', 'Via Delle Grazie 11', 'San Giminiano', 'null', 700, 'http://www.emc.com\');'),
(217, 'USAA', 'Via Delli Capelli 2', 'San Giminiano', 'null', 700, 'http://www.usaa.com\');'),
(218, 'Lennar', '1592 Silverado St', 'Bangalore', 'Kar', 700, 'http://www.lennar.com\');'),
(219, 'Duke Energy', '1593 Silverado St', 'Bangalore', 'Kar', 5000, 'http://www.duke-energy.com\');'),
(220, 'Time Warner Cable', '1597 Legend St', 'Mysore', 'Kar', 3700, 'http://www.twc.com\');'),
(221, 'Halliburton', '1602 Sholay St', 'Chennai', 'Tam', 1500, 'http://www.halliburton.com\');'),
(222, 'GameStop', '1605 Bazigar Crt', 'Pune', 'null', 5000, 'http://www.gamestopcorp.com\');'),
(223, 'Northrop Grumman', '1606 Sangam Blvd', 'New Delhi', 'null', 5000, 'http://www.northropgrumman.com\');'),
(224, 'Arrow Electronics', '1607 Sangam Blvd', 'New Delhi', 'null', 5000, 'http://www.arrow.com\');'),
(225, 'Reliance Steel & Aluminum', '1609 Pakija Rd', 'New Delhi', 'null', 3700, 'http://www.rsac.com\');'),
(226, 'Office Depot', '1612 Talaivar St', 'Chennai', 'Tam', 5000, 'http://www.officedepcom\');'),
(227, 'Nordstrom', '1613 Victoria St', 'Calcutta', 'null', 5000, 'http://www.nordstrom.com\');'),
(228, 'Kinder Morgan', '1614 Gitanjali Rd', 'Calcutta', 'null', 5000, 'http://www.kindermorgan.com\');'),
(229, 'Aramark', '1615 Crackers Crt', 'Chennai - India', 'null', 300, 'http://www.aramark.com\');'),
(230, 'DaVita HealthCare Partners', '1616 Mr. India Ln', 'Bombay - India', 'Kar', 300, 'http://www.davita.com\');'),
(231, 'Molina Healthcare', '1617 Crackers St', 'Bangalore - India', 'Kar', 300, 'http://www.molinahealthcare.com\');'),
(232, 'WellCare Health Plans', '1618 Villains St', 'New Delhi - India', 'null', 1200, 'http://www.wellcare.com\');'),
(233, 'CBS', '1619 Bowlers Rd', 'Chandigarh', 'Har', 1200, 'http://www.cbscorporation.com\');'),
(234, 'Visa', '1620 Sixers Crt', 'Bombay', 'Kar', 5000, 'http://www.visa.com\');'),
(235, 'Lincoln National', '1622 Roja St', 'Chennai', 'Tam', 5000, 'http://www.lfg.com\');'),
(236, 'Ecolab', '1623 Hey Ram St', 'Chennai - India', 'null', 5000, 'http://www.ecolab.com\');'),
(237, 'Kellogg', '1627 Sowdagar St', 'New Delhi', 'null', 1900, 'http://www.kelloggcompany.com\');'),
(238, 'C.H. Robinson Worldwide', '1628 Pataudi St', 'New Delhi', 'null', 1900, 'http://www.chrobinson.com\');'),
(239, 'Textron', '1632 Splash St', 'Chandigarh', 'Har', 2500, 'http://www.textron.com\');'),
(240, 'Loews', '1636 Pretty Blvd', 'Bangalore', 'Kar', 5000, 'http://www.loews.com\');'),
(241, 'Illinois Tool Works', '1646 Brazil Blvd', 'Chennai', 'Tam', 500, 'http://www.itw.com\');'),
(242, 'Synnex', '1647 Suspense St', 'Cochin', 'Ker', 500, 'http://www.synnex.com\');'),
(243, 'Hormel Foods', '1648 Anamika St', 'Cochin', 'Ker', 500, 'http://www.hormelfoods.com\');'),
(244, 'Viacom', '1650 Teesri Manjil Crt', 'Kashmir', 'null', 3700, 'http://www.viacom.com\');'),
(245, 'HollyFrontier', '1656 Veterans Rd', 'Chennai', 'Tam', 2500, 'http://www.hollyfrontier.com\');'),
(246, 'Land O?Lakes', '1662 Talaivar St', 'Chennai', 'Tam', 1500, 'http://www.landolakesinc.com\');'),
(247, 'Celgene', '1667 2010 St', 'Batavia', 'Ker', 500, 'http://www.celgene.com\');'),
(248, 'Devon Energy', 'Piazza Del Congresso 22', 'Roma', 'null', 3700, 'http://www.devonenergy.com\');'),
(249, 'PBF Energy', 'Piazza Quattre Stagioni 4', 'Roma', 'null', 3700, 'http://www.pbfenergy.com\');'),
(250, 'Genworth Financial', 'Piazza Svizzera', 'Roma', 'null', 2400, 'http://www.genworth.com\');'),
(251, 'Yum Brands', 'Ruella Delle Spiriti', 'Roma', 'null', 500, 'http://www.yum.com\');'),
(252, 'Texas Instruments', 'Via Del Disegno 194', 'Roma', 'null', 500, 'http://www.ti.com\');'),
(253, 'CDW', 'Via Delle Capeletti 52', 'Roma', 'null', 500, 'http://www.cdw.com\');'),
(254, 'PayPal Holdings', 'Via Dello Croce 93', 'Roma', 'null', 1200, 'http://www.paypal.com\');'),
(255, 'Waste Management', 'Via Di Firenze 231', 'Roma', 'null', 2400, 'http://www.wm.com\');'),
(256, 'Marsh & McLennan', 'Via Dolorosa 69', 'Roma', 'null', 2400, 'http://www.mmc.com\');'),
(257, 'Chesapeake Energy', 'Via Notoriosa 1942', 'Ventimiglia', 'null', 700, 'http://www.chk.com\');'),
(258, 'Priceline Group', 'Via Notoriosa 1943', 'Ventimiglia', 'null', 700, 'http://www.pricelinegroup.com\');'),
(259, 'Parker-Hannifin', 'Canale Grande 2', 'Roma', 'null', 700, 'http://www.parker.com\');'),
(260, 'Occidental Petroleum', 'Piazza Cacchiatore 23', 'Roma', 'null', 700, 'http://www.oxy.com\');'),
(261, 'Guardian Life Ins. Co. of America', 'Via Del Disegno 194', 'San Giminiano', 'null', 600, 'http://www.guardianlife.com\');'),
(262, 'MGM Resorts International', 'Piazza Svizzera', 'San Giminiano', 'null', 100, 'http://www.mgmresorts.com\');'),
(263, 'Farmers Insurance Exchange', 'Via Dello Croce 93', 'Tellaro', 'null', 100, 'http://www.farmers.com\');'),
(264, 'J.C. Penney', 'Via Dello Croce 93', 'San Giminiano', 'null', 400, 'http://www.jcpenney.com\');'),
(265, 'Consolidated Edison', 'Ruella Delle Spiriti', 'San Giminiano', 'null', 400, 'http://www.conedison.com\');'),
(266, 'Autoliv', 'Via Delle Capeletti 52', 'San Giminiano', 'null', 400, 'http://www.autoliv.com\');'),
(267, 'Cognizant Technology Solutions', 'Via Delli Capelli 2', 'Tellaro', 'null', 400, 'http://www.cognizant.com\');'),
(268, 'VF', '1971 Limelight Blvd', 'Samutprakarn', 'null', 1200, 'http://www.vfc.com\');'),
(269, 'Ameriprise Financial', 'Harmoniegasse 3', 'Baden-Daettwil', 'AG', 500, 'http://www.ameriprise.com\');'),
(270, 'Fidelity National Financial', 'Sonnenberg 4', 'Baden-Daettwil', 'AG', 500, 'http://www.fnf.com\');'),
(271, 'Computer Sciences', 'Alfred E. Neumann-Weg 3', 'Baden-Daettwil', 'AG', 500, 'http://www.csc.com\');'),
(272, 'L Brands', 'Dr. Herbert Bitto Str 23', 'Baden-Daettwil', 'AG', 2300, 'http://www.lb.com\');'),
(273, 'Jacobs Engineering Group', 'Taefernstr 4', 'Baden-Daettwil', 'AG', 2300, 'http://www.jacobs.com\');'),
(274, 'Republic Services', 'Kreuzritterplatz 5', 'Baden-Daettwil', 'AG', 3500, 'http://www.republicservices.com\');'),
(275, 'Principal Financial', 'Helebardenweg 5', 'Baden-Daettwil', 'AG', 3500, 'http://www.principal.com\');'),
(276, 'Ross Stores', 'Zum Freundlichen Nachbarn 5', 'Baden-Daettwil', 'AG', 3500, 'http://www.rossstores.com\');'),
(277, 'Bed Bath & Beyond', 'Ziegenwiese 3', 'Baden-Daettwil', 'AG', 3500, 'http://www.bedbathandbeyond.com\');'),
(278, 'CSX', 'Am Waldrand 5', 'Baden-Daettwil', 'AG', 3500, 'http://www.csx.com\');'),
(279, 'Toys ?R? Us', 'Zur Kantine 9', 'Baden-Daettwil', 'AG', 1200, 'http://www.toysrusinc.com\');'),
(280, 'Las Vegas Sands', 'Grosse Bahnhostrasse 3', 'Baden-Daettwil', 'AG', 1200, 'http://www.sands.com\');'),
(281, 'Leucadia National', 'Paradeplatz 4', 'Zuerich', 'ZH', 1200, 'http://www.leucadia.com\');'),
(282, 'Dominion Resources', 'Badenerstr 1941', 'Zuerich', 'ZH', 3500, 'http://www.dom.com\');'),
(283, 'United States Steel', 'Welschdoerfchen 1941', 'Chur', 'ZH', 3500, 'http://www.ussteel.com\');'),
(284, 'L-3 Communications', 'Le Reduit', 'Tschiertschen', 'GR', 1400, 'http://www.l-3com.com\');'),
(285, 'Edison International', 'Bendlehn', 'Trogen', 'SG', 1400, 'http://www.edisoninvestor.com\');'),
(286, 'Entergy', 'Spisertor 3', 'St. Gallen', 'SG', 1400, 'http://www.entergy.com\');'),
(287, 'ADP', 'Langstr 14', 'Zuerich', 'ZH', 700, 'http://www.adp.com\');'),
(288, 'First Data', 'Roessligasse 4', 'Zurich', 'ZH', 700, 'http://www.firstdata.com\');'),
(289, 'BlackRock', 'Zum Froehlichen Schweizer 3', 'Zurich', 'ZH', 5000, 'http://www.blackrock.com\');'),
(290, 'WestRock', 'Chrottenweg', 'Bern', 'BE', 5000, 'http://www.westrock.com\');'),
(291, 'Voya Financial', 'Bruppacher Str 3', 'Baden-Daettwil', 'AG', 5000, 'http://www.voya.com\');'),
(292, 'Sherwin-Williams', 'Limmatquai', 'Zuerich', 'ZH', 1800, 'http://www.sherwin.com\');'),
(293, 'Hilton Worldwide Holdings', 'Dreikoenigsstr 3', 'Zurich', 'ZH', 1800, 'http://www.hiltonworldwide.com\');'),
(294, 'Corning', 'Pfannenstilstr 13', 'Egg', 'ZH', 2300, 'http://www.corning.com\');'),
(295, 'R.R. Donnelley & Sons', 'Kreuzstr 32', 'Zurich', 'ZH', 2300, 'http://www.rrdonnelley.com\');'),
(296, 'Stanley Black & Decker', '1539 Stripes Rd', 'Baden-Daettwil', 'AG', 2300, 'http://www.stanleyblackanddecker.com\');'),
(297, 'Xcel Energy', '1540 Stripes Crt', 'Baden-Daettwil', 'AG', 400, 'http://www.xcelenergy.com\');'),
(298, 'Peter Kiewit Sons?', '1592 Silverado St', 'Bangalore', 'Kar', 1400, 'http://www.kiewit.com\');'),
(299, 'Murphy USA', '1593 Silverado St', 'Bangalore', 'Kar', 1400, 'http://corporate.murphyusa.com\');'),
(300, 'CBRE Group', '1596 Commando Blvd', 'Bangalore', 'Kar', 1200, 'http://www.cbre.com\');'),
(301, 'Univar', '1598 Legend St', 'Bangalore', 'Kar', 5000, 'http://www.univar.com\');'),
(302, 'D.R. Horton', '1599 Legend Rd', 'Bangalore', 'Kar', 5000, 'http://www.drhorton.com\');'),
(303, 'Estee Lauder', '1600 Target Crt', 'Bangalore', 'Kar', 5000, 'http://www.elcompanies.com\');'),
(304, 'Praxair', '1603 Rebel St', 'Bangalore', 'Kar', 500, 'http://www.praxair.com\');'),
(305, 'Biogen', '1604 Volunteers Rd', 'Bangalore', 'Kar', 500, 'http://www.biogen.com\');'),
(306, 'Mosaic', '1606 Volunteers Blvd', 'Bangalore', 'Kar', 3500, 'http://www.mosaicco.com\');'),
(307, 'State Street Corp.', '1607 Abwdrts St', 'Bangalore', 'Kar', 3500, 'http://www.statestreet.com\');'),
(308, 'Unum Group', '1608 Amadeus St', 'Bangalore', 'Kar', 3500, 'http://www.unum.com\');'),
(309, 'Reynolds American', '1610 Betrayal Crt', 'Bangalore', 'Kar', 5000, 'http://www.reynoldsamerican.com\');'),
(310, 'Core-Mark Holding', '1611 Carmen Blvd', 'Bangalore', 'Kar', 5000, 'http://www.core-mark.com\');'),
(311, 'Group 1 Automotive', '1614 Crackers Rd', 'Bangalore - India', 'Kar', 2300, 'http://www.group1auto.com\');'),
(312, 'Henry Schein', '1615 Crackers Crt', 'Bangalore - India', 'Kar', 5000, 'http://www.henryschein.com\');'),
(313, 'Hertz Global Holdings', '1616 Crackers Blvd', 'Bangalore - India', 'Kar', 5000, 'http://www.hertz.com\');'),
(314, 'Thrivent Financial for Lutherans', '1617 Crackers St', 'Bangalore - India', 'Kar', 900, 'http://www.thrivent.com\');'),
(315, 'Norfolk Southern', '1618 Footloose St', 'Bangalore - India', 'Kar', 900, 'http://www.nscorp.com\');'),
(316, 'Reinsurance Group of America', '1619 Footloose Rd', 'Bangalore - India', 'Kar', 900, 'http://www.rgare.com\');'),
(317, 'Public Service Enterprise Group', '1621 Gargon! Blvd', 'Bangalore - India', 'Kar', 600, 'http://www.pseg.com\');'),
(318, 'Cameron International', '1667 2010 St', 'Batavia', 'IL', 200, 'http://www.c-a-m.com\');'),
(319, 'BB&T Corp.', '1668 Chong Tao', 'Beijing', 'null', 200, 'http://www.bbt.com\');');

-- --------------------------------------------------------

--
-- Table structure for table `employees`
--

CREATE TABLE `employees` (
  `EmployeeID` int(3) NOT NULL,
  `EmployeeFN` varchar(9) DEFAULT NULL,
  `EmployeeLN` varchar(10) DEFAULT NULL,
  `EmployeeEmail` varchar(29) DEFAULT NULL,
  `EmployeePhone` varchar(18) DEFAULT NULL,
  `HireDate` varchar(9) DEFAULT NULL,
  `ManagerID` int(3) DEFAULT NULL,
  `JobTitle` varchar(31) DEFAULT NULL
) ENGINE=InnoDB DEFAULT CHARSET=utf8 COLLATE=utf8_general_ci;

--
-- Dumping data for table `employees`
--

INSERT INTO `employees` (`EmployeeID`, `EmployeeFN`, `EmployeeLN`, `EmployeeEmail`, `EmployeePhone`, `HireDate`, `ManagerID`, `JobTitle`) VALUES
(1, 'Tommy', 'Bailey', 'tommy.bailey@example.com', '515.123.4567', '17-Jun-16', 0, 'President'),
(2, 'Jude', 'Rivera', 'jude.rivera@example.com', '515.123.4568', '21-Sep-16', 1, 'Administration Vice President'),
(3, 'Blake', 'Cooper', 'blake.cooper@example.com', '515.123.4569', '13-Jan-16', 1, 'Administration Vice President'),
(4, 'Louie', 'Richardson', 'louie.richardson@example.com', '590.423.4567', '3-Jan-16', 3, 'Programmer'),
(5, 'Nathan', 'Cox', 'nathan.cox@example.com', '590.423.4568', '21-May-16', 4, 'Programmer'),
(6, 'Gabriel', 'Howard', 'gabriel.howard@example.com', '590.423.4569', '25-Jun-16', 4, 'Programmer'),
(7, 'Charles', 'Ward', 'charles.ward@example.com', '590.423.4560', '5-Feb-16', 4, 'Programmer'),
(8, 'Bobby', 'Torres', 'bobby.torres@example.com', '590.423.5567', '7-Feb-16', 4, 'Programmer'),
(9, 'Mohammad', 'Peterson', 'mohammad.peterson@example.com', '515.124.4569', '17-Aug-16', 2, 'Finance Manager'),
(10, 'Ryan', 'Gray', 'ryan.gray@example.com', '515.124.4169', '16-Aug-16', 9, 'Accountant'),
(11, 'Tyler', 'Ramirez', 'tyler.ramirez@example.com', '515.124.4269', '28-Sep-16', 9, 'Accountant'),
(12, 'Elliott', 'James', 'elliott.james@example.com', '515.124.4369', '30-Sep-16', 9, 'Accountant'),
(13, 'Albert', 'Watson', 'albert.watson@example.com', '515.124.4469', '7-Mar-16', 9, 'Accountant'),
(14, 'Elliot', 'Brooks', 'ellibrooks@example.com', '515.124.4567', '7-Dec-16', 9, 'Accountant'),
(15, 'Rory', 'Kelly', 'rory.kelly@example.com', '515.127.4561', '7-Dec-16', 1, 'Purchasing Manager'),
(16, 'Alex', 'Sanders', 'alex.sanders@example.com', '515.127.4562', '18-May-16', 15, 'Purchasing Clerk'),
(17, 'Frederick', 'Price', 'frederick.price@example.com', '515.127.4563', '24-Dec-16', 15, 'Purchasing Clerk'),
(18, 'Ollie', 'Bennett', 'ollie.bennett@example.com', '515.127.4564', '24-Jul-16', 15, 'Purchasing Clerk'),
(19, 'Louis', 'Wood', 'louis.wood@example.com', '515.127.4565', '15-Nov-16', 15, 'Purchasing Clerk'),
(20, 'Dexter', 'Barnes', 'dexter.barnes@example.com', '515.127.4566', '10-Aug-16', 15, 'Purchasing Clerk'),
(21, 'Jaxon', 'Ross', 'jaxon.ross@example.com', '650.123.1234', '18-Jul-16', 1, 'Stock Manager'),
(22, 'Liam', 'Henderson', 'liam.henderson@example.com', '650.123.2234', '10-Apr-16', 1, 'Stock Manager'),
(23, 'Jackson', 'Coleman', 'jackson.coleman@example.com', '650.123.3234', '1-May-16', 1, 'Stock Manager'),
(24, 'Callum', 'Jenkins', 'callum.jenkins@example.com', '650.123.4234', '10-Oct-16', 1, 'Stock Manager'),
(25, 'Ronnie', 'Perry', 'ronnie.perry@example.com', '650.123.5234', '16-Nov-16', 1, 'Stock Manager'),
(26, 'Leon', 'Powell', 'leon.powell@example.com', '650.124.1214', '16-Jul-16', 21, 'Stock Clerk'),
(27, 'Kai', 'Long', 'kai.long@example.com', '650.124.1224', '28-Sep-16', 21, 'Stock Clerk'),
(28, 'Aaron', 'Patterson', 'aaron.patterson@example.com', '650.124.1334', '14-Jan-16', 21, 'Stock Clerk'),
(29, 'Roman', 'Hughes', 'roman.hughes@example.com', '650.124.1434', '8-Mar-16', 21, 'Stock Clerk'),
(30, 'Austin', 'Flores', 'austin.flores@example.com', '650.124.5234', '20-Aug-16', 22, 'Stock Clerk'),
(31, 'Ellis', 'Washington', 'ellis.washington@example.com', '650.124.6234', '30-Oct-16', 22, 'Stock Clerk'),
(32, 'Jamie', 'Butler', 'jamie.butler@example.com', '650.124.7234', '16-Feb-16', 22, 'Stock Clerk'),
(33, 'Reggie', 'Simmons', 'reggie.simmons@example.com', '650.124.8234', '10-Apr-16', 22, 'Stock Clerk'),
(34, 'Seth', 'Foster', 'seth.foster@example.com', '650.127.1934', '14-Jun-16', 23, 'Stock Clerk'),
(35, 'Carter', 'Gonzales', 'carter.gonzales@example.com', '650.127.1834', '26-Aug-16', 23, 'Stock Clerk'),
(36, 'Felix', 'Bryant', 'felix.bryant@example.com', '650.127.1734', '12-Dec-16', 23, 'Stock Clerk'),
(37, 'Ibrahim', 'Alexander', 'ibrahim.alexander@example.com', '650.127.1634', '6-Feb-16', 23, 'Stock Clerk'),
(38, 'Sonny', 'Russell', 'sonny.russell@example.com', '650.121.1234', '14-Jul-16', 24, 'Stock Clerk'),
(39, 'Kian', 'Griffin', 'kian.griffin@example.com', '650.121.2034', '26-Oct-16', 24, 'Stock Clerk'),
(40, 'Caleb', 'Diaz', 'caleb.diaz@example.com', '650.121.2019', '12-Feb-16', 24, 'Stock Clerk'),
(41, 'Connor', 'Hayes', 'connor.hayes@example.com', '650.121.1834', '6-Apr-16', 24, 'Stock Clerk'),
(42, 'Amelia', 'Myers', 'amelia.myers@example.com', '650.121.8009', '17-Oct-16', 25, 'Stock Clerk'),
(43, 'Olivia', 'Ford', 'olivia.ford@example.com', '650.121.2994', '29-Jan-16', 25, 'Stock Clerk'),
(44, 'Emily', 'Hamilton', 'emily.hamilton@example.com', '650.121.2874', '15-Mar-16', 25, 'Stock Clerk'),
(45, 'Isla', 'Graham', 'isla.graham@example.com', '650.121.2004', '9-Jul-16', 25, 'Stock Clerk'),
(46, 'Ava', 'Sullivan', 'ava.sullivan@example.com', '011.44.1344.429268', '1-Oct-16', 1, 'Sales Manager'),
(47, 'Ella', 'Wallace', 'ella.wallace@example.com', '011.44.1344.467268', '5-Jan-16', 1, 'Sales Manager'),
(48, 'Jessica', 'Woods', 'jessica.woods@example.com', '011.44.1344.429278', '10-Mar-16', 1, 'Sales Manager'),
(49, 'Isabella', 'Cole', 'isabella.cole@example.com', '011.44.1344.619268', '15-Oct-16', 1, 'Sales Manager'),
(50, 'Mia', 'West', 'mia.west@example.com', '011.44.1344.429018', '29-Jan-16', 1, 'Sales Manager'),
(51, 'Poppy', 'Jordan', 'poppy.jordan@example.com', '011.44.1344.129268', '30-Jan-16', 46, 'Sales Representative'),
(52, 'Sophie', 'Owens', 'sophie.owens@example.com', '011.44.1344.345268', '24-Mar-16', 46, 'Sales Representative'),
(53, 'Sophia', 'Reynolds', 'sophia.reynolds@example.com', '011.44.1344.478968', '20-Aug-16', 46, 'Sales Representative'),
(54, 'Lily', 'Fisher', 'lily.fisher@example.com', '011.44.1344.498718', '30-Mar-16', 46, 'Sales Representative'),
(55, 'Grace', 'Ellis', 'grace.ellis@example.com', '011.44.1344.987668', '9-Dec-16', 46, 'Sales Representative'),
(56, 'Evie', 'Harrison', 'evie.harrison@example.com', '011.44.1344.486508', '23-Nov-16', 46, 'Sales Representative'),
(57, 'Scarlett', 'Gibson', 'scarlett.gibson@example.com', '011.44.1345.429268', '30-Jan-16', 47, 'Sales Representative'),
(58, 'Ruby', 'Mcdonald', 'ruby.mcdonald@example.com', '011.44.1345.929268', '4-Mar-16', 47, 'Sales Representative'),
(59, 'Chloe', 'Cruz', 'chloe.cruz@example.com', '011.44.1345.829268', '1-Aug-16', 47, 'Sales Representative'),
(60, 'Isabelle', 'Marshall', 'isabelle.marshall@example.com', '011.44.1345.729268', '10-Mar-16', 47, 'Sales Representative'),
(61, 'Daisy', 'Ortiz', 'daisy.ortiz@example.com', '011.44.1345.629268', '15-Dec-16', 47, 'Sales Representative'),
(62, 'Freya', 'Gomez', 'freya.gomez@example.com', '011.44.1345.529268', '3-Nov-16', 47, 'Sales Representative'),
(63, 'Phoebe', 'Murray', 'phoebe.murray@example.com', '011.44.1346.129268', '11-Nov-16', 48, 'Sales Representative'),
(64, 'Florence', 'Freeman', 'florence.freeman@example.com', '011.44.1346.229268', '19-Mar-16', 48, 'Sales Representative'),
(65, 'Alice', 'Wells', 'alice.wells@example.com', '011.44.1346.329268', '24-Jan-16', 48, 'Sales Representative'),
(66, 'Charlotte', 'Webb', 'charlotte.webb@example.com', '011.44.1346.529268', '23-Feb-16', 48, 'Sales Representative'),
(67, 'Sienna', 'Simpson', 'sienna.simpson@example.com', '011.44.1346.629268', '24-Mar-16', 48, 'Sales Representative'),
(68, 'Matilda', 'Stevens', 'matilda.stevens@example.com', '011.44.1346.729268', '21-Apr-16', 48, 'Sales Representative'),
(69, 'Evelyn', 'Tucker', 'evelyn.tucker@example.com', '011.44.1343.929268', '11-Mar-16', 49, 'Sales Representative'),
(70, 'Eva', 'Porter', 'eva.porter@example.com', '011.44.1343.829268', '23-Mar-16', 49, 'Sales Representative'),
(71, 'Millie', 'Hunter', 'millie.hunter@example.com', '011.44.1343.729268', '24-Jan-16', 49, 'Sales Representative'),
(72, 'Sofia', 'Hicks', 'sofia.hicks@example.com', '011.44.1343.629268', '23-Feb-16', 49, 'Sales Representative'),
(73, 'Lucy', 'Crawford', 'lucy.crawford@example.com', '011.44.1343.529268', '24-Mar-16', 49, 'Sales Representative'),
(74, 'Elsie', 'Henry', 'elsie.henry@example.com', '011.44.1343.329268', '21-Apr-16', 49, 'Sales Representative'),
(75, 'Imogen', 'Boyd', 'imogen.boyd@example.com', '011.44.1644.429267', '11-May-16', 50, 'Sales Representative'),
(76, 'Layla', 'Mason', 'layla.mason@example.com', '011.44.1644.429266', '19-Mar-16', 50, 'Sales Representative'),
(77, 'Rosie', 'Morales', 'rosie.morales@example.com', '011.44.1644.429265', '24-Mar-16', 50, 'Sales Representative'),
(78, 'Maya', 'Kennedy', 'maya.kennedy@example.com', '011.44.1644.429264', '23-Apr-16', 50, 'Sales Representative'),
(79, 'Esme', 'Warren', 'esme.warren@example.com', '011.44.1644.429263', '24-May-16', 50, 'Sales Representative'),
(80, 'Elizabeth', 'Dixon', 'elizabeth.dixon@example.com', '011.44.1644.429262', '4-Jan-16', 50, 'Sales Representative'),
(81, 'Lola', 'Ramos', 'lola.ramos@example.com', '650.507.9876', '24-Jan-16', 21, 'Shipping Clerk'),
(82, 'Willow', 'Reyes', 'willow.reyes@example.com', '650.507.9877', '23-Feb-16', 21, 'Shipping Clerk'),
(83, 'Ivy', 'Burns', 'ivy.burns@example.com', '650.507.9878', '21-Jun-16', 21, 'Shipping Clerk'),
(84, 'Erin', 'Gordon', 'erin.gordon@example.com', '650.507.9879', '3-Feb-16', 21, 'Shipping Clerk'),
(85, 'Holly', 'Shaw', 'holly.shaw@example.com', '650.509.1876', '27-Jan-16', 22, 'Shipping Clerk'),
(86, 'Emilia', 'Holmes', 'emilia.holmes@example.com', '650.509.2876', '20-Feb-16', 22, 'Shipping Clerk'),
(87, 'Molly', 'Rice', 'molly.rice@example.com', '650.509.3876', '24-Jun-16', 22, 'Shipping Clerk'),
(88, 'Ellie', 'Robertson', 'ellie.robertson@example.com', '650.509.4876', '7-Feb-16', 22, 'Shipping Clerk'),
(89, 'Jasmine', 'Hunt', 'jasmine.hunt@example.com', '650.505.1876', '14-Jun-16', 23, 'Shipping Clerk'),
(90, 'Eliza', 'Black', 'eliza.black@example.com', '650.505.2876', '13-Aug-16', 23, 'Shipping Clerk'),
(91, 'Lilly', 'Daniels', 'lilly.daniels@example.com', '650.505.3876', '11-Jul-16', 23, 'Shipping Clerk'),
(92, 'Abigail', 'Palmer', 'abigail.palmer@example.com', '650.505.4876', '19-Dec-16', 23, 'Shipping Clerk'),
(93, 'Georgia', 'Mills', 'georgia.mills@example.com', '650.501.1876', '4-Feb-16', 24, 'Shipping Clerk'),
(94, 'Maisie', 'Nichols', 'maisie.nichols@example.com', '650.501.2876', '3-Mar-16', 24, 'Shipping Clerk'),
(95, 'Eleanor', 'Grant', 'eleanor.grant@example.com', '650.501.3876', '1-Jul-16', 24, 'Shipping Clerk'),
(96, 'Hannah', 'Knight', 'hannah.knight@example.com', '650.501.4876', '17-Mar-16', 24, 'Shipping Clerk'),
(97, 'Harriet', 'Ferguson', 'harriet.ferguson@example.com', '650.507.9811', '24-Apr-16', 25, 'Shipping Clerk'),
(98, 'Amber', 'Rose', 'amber.rose@example.com', '650.507.9822', '23-May-16', 25, 'Shipping Clerk'),
(99, 'Bella', 'Stone', 'bella.stone@example.com', '650.507.9833', '21-Jun-16', 25, 'Shipping Clerk'),
(100, 'Thea', 'Hawkins', 'thea.hawkins@example.com', '650.507.9844', '13-Jan-16', 25, 'Shipping Clerk'),
(101, 'Annabelle', 'Dunn', 'annabelle.dunn@example.com', '515.123.4444', '17-Sep-16', 2, 'Administration Assistant'),
(102, 'Emma', 'Perkins', 'emma.perkins@example.com', '515.123.5555', '17-Feb-16', 1, 'Marketing Manager'),
(103, 'Amelie', 'Hudson', 'amelie.hudson@example.com', '603.123.6666', '17-Aug-16', 102, 'Marketing Representative'),
(104, 'Harper', 'Spencer', 'harper.spencer@example.com', '515.123.7777', '7-Jun-16', 2, 'Human Resources Representative'),
(105, 'Gracie', 'Gardner', 'gracie.gardner@example.com', '515.123.8888', '7-Jun-16', 2, 'Public Relations Representative'),
(106, 'Rose', 'Stephens', 'rose.stephens@example.com', '515.123.8080', '7-Jun-16', 2, 'Accounting Manager'),
(107, 'Summer', 'Payne', 'summer.payne@example.com', '515.123.8181', '7-Jun-16', 106, 'Public Accountant');

-- --------------------------------------------------------

--
-- Table structure for table `inventories`
--

CREATE TABLE `inventories` (
  `ProductID` int(3) NOT NULL,
  `WarehouseID` int(2) NOT NULL,
  `Quantity` int(3) DEFAULT NULL
) ENGINE=InnoDB DEFAULT CHARSET=utf8 COLLATE=utf8_general_ci;

--
-- Dumping data for table `inventories`
--

INSERT INTO `inventories` (`ProductID`, `WarehouseID`, `Quantity`) VALUES
(2, 11, 100),
(2, 16, 23),
(2, 37, 71),
(2, 49, 58),
(2, 68, 46),
(2, 92, 34),
(3, 11, 88),
(3, 16, 35),
(3, 23, 106),
(3, 37, 46),
(3, 49, 29),
(3, 54, 96),
(3, 68, 63),
(3, 86, 63),
(3, 92, 49),
(4, 11, 88),
(4, 16, 35),
(4, 23, 106),
(4, 37, 46),
(4, 49, 30),
(4, 54, 96),
(4, 68, 63),
(4, 86, 63),
(4, 92, 49),
(5, 11, 89),
(5, 16, 36),
(5, 23, 106),
(5, 37, 47),
(5, 49, 30),
(5, 54, 96),
(5, 68, 63),
(5, 86, 63),
(5, 92, 49),
(6, 11, 89),
(6, 16, 36),
(6, 23, 107),
(6, 37, 47),
(6, 49, 30),
(6, 54, 96),
(6, 68, 63),
(6, 86, 64),
(6, 92, 50),
(7, 16, 36),
(7, 49, 30),
(7, 54, 97),
(7, 86, 64),
(7, 92, 50),
(8, 16, 36),
(8, 49, 30),
(8, 54, 97),
(8, 86, 67),
(8, 92, 50),
(9, 16, 36),
(9, 49, 31),
(9, 54, 97),
(9, 86, 67),
(9, 92, 50),
(11, 11, 90),
(11, 16, 37),
(11, 23, 108),
(11, 37, 48),
(11, 49, 31),
(11, 54, 98),
(11, 68, 65),
(11, 86, 68),
(11, 92, 51),
(12, 11, 90),
(12, 16, 37),
(12, 23, 108),
(12, 37, 48),
(12, 49, 32),
(12, 54, 98),
(12, 68, 65),
(12, 86, 68),
(12, 92, 51),
(13, 16, 37),
(13, 49, 32),
(13, 54, 98),
(13, 86, 68),
(13, 92, 51),
(14, 16, 38),
(14, 49, 32),
(14, 54, 98),
(14, 86, 68),
(14, 92, 51),
(15, 16, 41),
(15, 49, 33),
(15, 54, 99),
(15, 86, 69),
(15, 92, 52),
(17, 16, 3),
(17, 49, 34),
(17, 54, 100),
(17, 86, 70),
(17, 92, 54),
(18, 16, 3),
(18, 49, 35),
(18, 54, 101),
(18, 86, 71),
(18, 92, 54),
(19, 16, 3),
(19, 49, 35),
(19, 54, 101),
(19, 86, 71),
(19, 92, 54),
(20, 16, 4),
(20, 49, 35),
(20, 54, 104),
(20, 86, 71),
(20, 92, 5),
(21, 16, 4),
(21, 49, 36),
(21, 54, 105),
(21, 86, 72),
(21, 92, 5),
(22, 37, 73),
(22, 49, 62),
(22, 54, 114),
(22, 68, 50),
(22, 92, 38),
(23, 37, 74),
(23, 49, 62),
(23, 54, 114),
(23, 68, 50),
(23, 92, 39),
(24, 37, 74),
(24, 49, 62),
(24, 54, 115),
(24, 68, 50),
(24, 92, 39),
(25, 37, 74),
(25, 49, 62),
(25, 54, 115),
(25, 68, 51),
(25, 92, 39),
(26, 37, 74),
(26, 49, 63),
(26, 54, 115),
(26, 68, 51),
(26, 92, 39),
(27, 16, 5),
(27, 49, 37),
(27, 54, 106),
(27, 86, 73),
(27, 92, 6),
(29, 16, 6),
(29, 49, 38),
(29, 54, 107),
(29, 86, 74),
(29, 92, 7),
(30, 16, 6),
(30, 49, 38),
(30, 54, 107),
(30, 86, 74),
(30, 92, 7),
(31, 16, 7),
(31, 49, 39),
(31, 92, 8),
(32, 16, 7),
(32, 49, 39),
(32, 92, 8),
(33, 37, 77),
(33, 49, 65),
(33, 54, 117),
(33, 68, 53),
(33, 92, 42),
(34, 16, 8),
(34, 49, 39),
(34, 92, 9),
(35, 37, 77),
(35, 49, 66),
(35, 54, 118),
(35, 68, 54),
(35, 92, 42),
(36, 37, 78),
(36, 49, 66),
(36, 54, 118),
(36, 68, 54),
(36, 92, 43),
(37, 37, 78),
(37, 49, 66),
(37, 54, 119),
(37, 68, 55),
(37, 92, 43),
(38, 37, 78),
(38, 49, 66),
(38, 54, 119),
(38, 68, 55),
(38, 92, 43),
(39, 37, 78),
(39, 49, 66),
(39, 54, 119),
(39, 68, 55),
(39, 92, 43),
(40, 37, 78),
(40, 49, 67),
(40, 54, 119),
(40, 68, 55),
(40, 92, 44),
(41, 37, 79),
(41, 49, 67),
(41, 54, 119),
(41, 68, 55),
(41, 92, 44),
(42, 37, 81),
(42, 49, 69),
(42, 54, 122),
(42, 68, 57),
(42, 92, 46),
(43, 37, 81),
(43, 49, 69),
(43, 54, 122),
(43, 68, 58),
(43, 92, 46),
(44, 37, 82),
(44, 49, 70),
(44, 54, 122),
(44, 68, 58),
(44, 92, 47),
(46, 11, 112),
(46, 16, 6),
(46, 37, 90),
(46, 49, 29),
(46, 68, 18),
(46, 92, 7),
(47, 11, 66),
(47, 16, 0),
(47, 37, 44),
(47, 49, 33),
(47, 68, 22),
(47, 92, 11),
(50, 37, 69),
(50, 49, 84),
(50, 54, 117),
(50, 68, 58),
(50, 92, 32),
(54, 16, 33),
(54, 49, 66),
(54, 54, 110),
(54, 86, 88),
(54, 92, 44),
(56, 49, 58),
(57, 49, 66),
(62, 16, 32),
(62, 49, 30),
(62, 54, 149),
(62, 86, 74),
(62, 92, 47),
(63, 16, 33),
(63, 49, 30),
(63, 54, 149),
(63, 86, 74),
(63, 92, 47),
(67, 16, 34),
(67, 49, 34),
(67, 54, 154),
(67, 86, 76),
(67, 92, 49),
(68, 16, 34),
(68, 49, 35),
(68, 54, 154),
(68, 86, 76),
(68, 92, 49),
(69, 16, 35),
(69, 49, 35),
(69, 54, 154),
(69, 86, 76),
(69, 92, 50),
(70, 16, 35),
(70, 49, 35),
(70, 54, 155),
(70, 86, 76),
(70, 92, 50),
(71, 16, 35),
(71, 49, 35),
(71, 54, 155),
(71, 86, 76),
(71, 92, 50),
(72, 16, 35),
(72, 49, 35),
(72, 54, 155),
(72, 86, 77),
(72, 92, 50),
(73, 16, 27),
(73, 49, 63),
(73, 54, 111),
(73, 86, 87),
(73, 92, 39),
(74, 16, 27),
(74, 49, 63),
(74, 54, 111),
(74, 86, 87),
(74, 92, 39),
(76, 16, 28),
(76, 49, 64),
(76, 54, 112),
(76, 86, 88),
(76, 92, 40),
(78, 16, 29),
(78, 49, 65),
(78, 54, 113),
(78, 86, 89),
(78, 92, 41),
(79, 16, 29),
(79, 49, 65),
(79, 54, 113),
(79, 86, 89),
(79, 92, 41),
(80, 11, 101),
(80, 16, 29),
(80, 23, 125),
(80, 37, 77),
(80, 49, 65),
(80, 54, 113),
(80, 68, 53),
(80, 86, 89),
(80, 92, 41),
(84, 16, 33),
(84, 49, 69),
(84, 92, 45),
(87, 11, 107),
(87, 16, 35),
(87, 23, 131),
(87, 37, 83),
(87, 49, 71),
(87, 54, 119),
(87, 68, 59),
(87, 86, 95),
(87, 92, 47),
(88, 11, 118),
(88, 16, 7),
(88, 23, 117),
(88, 37, 62),
(88, 49, 44),
(88, 54, 167),
(88, 68, 27),
(88, 86, 86),
(88, 92, 12),
(89, 11, 118),
(89, 16, 8),
(89, 23, 118),
(89, 37, 63),
(89, 49, 45),
(89, 54, 167),
(89, 68, 27),
(89, 86, 86),
(89, 92, 12),
(90, 11, 118),
(90, 16, 8),
(90, 23, 118),
(90, 37, 63),
(90, 49, 45),
(90, 54, 167),
(90, 68, 27),
(90, 86, 86),
(90, 92, 13),
(91, 11, 94),
(91, 16, 22),
(91, 37, 70),
(91, 49, 58),
(91, 68, 46),
(91, 92, 34),
(94, 37, 85),
(94, 49, 71),
(94, 54, 91),
(94, 68, 57),
(94, 92, 44),
(95, 49, 60),
(96, 49, 60),
(98, 11, 69),
(98, 16, 32),
(98, 37, 86),
(98, 49, 72),
(98, 68, 58),
(98, 92, 45),
(99, 37, 88),
(99, 49, 73),
(99, 54, 94),
(99, 68, 60),
(99, 92, 47),
(100, 37, 88),
(100, 49, 74),
(100, 54, 94),
(100, 68, 60),
(100, 92, 47),
(101, 16, 3),
(101, 49, 51),
(101, 54, 173),
(101, 86, 95),
(101, 92, 18),
(102, 11, 73),
(102, 16, 36),
(102, 37, 90),
(102, 49, 76),
(102, 68, 62),
(102, 92, 49),
(103, 11, 126),
(103, 16, 5),
(103, 23, 125),
(103, 37, 73),
(103, 49, 53),
(103, 54, 178),
(103, 68, 35),
(103, 86, 97),
(103, 92, 20),
(104, 37, 84),
(104, 49, 71),
(104, 54, 81),
(104, 68, 58),
(104, 92, 46),
(105, 11, 126),
(105, 16, 6),
(105, 23, 126),
(105, 37, 74),
(105, 49, 53),
(105, 54, 178),
(105, 68, 35),
(105, 86, 97),
(105, 92, 20),
(106, 16, 6),
(106, 49, 53),
(106, 54, 178),
(106, 86, 97),
(106, 92, 21),
(107, 16, 6),
(107, 49, 53),
(107, 54, 178),
(107, 86, 97),
(107, 92, 21),
(108, 11, 127),
(108, 16, 6),
(108, 23, 126),
(108, 37, 74),
(108, 49, 54),
(108, 54, 179),
(108, 68, 36),
(108, 86, 98),
(108, 92, 21),
(109, 16, 6),
(109, 49, 54),
(109, 54, 179),
(109, 86, 98),
(109, 92, 21),
(110, 11, 127),
(110, 16, 7),
(110, 23, 127),
(110, 37, 75),
(110, 49, 54),
(110, 54, 179),
(110, 68, 36),
(110, 86, 98),
(110, 92, 22),
(114, 11, 131),
(114, 16, 8),
(114, 23, 128),
(114, 37, 76),
(114, 49, 55),
(114, 54, 180),
(114, 68, 37),
(114, 86, 99),
(114, 92, 23),
(115, 16, 9),
(115, 49, 56),
(115, 54, 181),
(115, 86, 100),
(115, 92, 24),
(116, 16, 9),
(116, 49, 56),
(116, 54, 182),
(116, 86, 100),
(116, 92, 24),
(117, 16, 9),
(117, 49, 57),
(117, 54, 182),
(117, 86, 101),
(117, 92, 24),
(119, 16, 10),
(119, 49, 58),
(119, 54, 183),
(119, 86, 102),
(119, 92, 25),
(120, 16, 10),
(120, 49, 58),
(120, 54, 183),
(120, 86, 102),
(120, 92, 25),
(121, 16, 10),
(121, 49, 58),
(121, 54, 183),
(121, 86, 102),
(121, 92, 25),
(122, 16, 11),
(122, 49, 58),
(122, 54, 183),
(122, 86, 102),
(122, 92, 26),
(123, 11, 135),
(123, 16, 11),
(123, 23, 131),
(123, 37, 79),
(123, 49, 59),
(123, 54, 184),
(123, 68, 41),
(123, 86, 103),
(123, 92, 26),
(124, 16, 11),
(124, 49, 59),
(124, 54, 184),
(124, 86, 103),
(124, 92, 26),
(125, 16, 11),
(125, 49, 59),
(125, 54, 184),
(125, 86, 103),
(125, 92, 26),
(126, 16, 12),
(126, 49, 59),
(126, 54, 184),
(126, 86, 103),
(126, 92, 26),
(128, 16, 12),
(128, 49, 59),
(128, 54, 185),
(128, 86, 103),
(128, 92, 27),
(129, 16, 12),
(129, 49, 60),
(129, 54, 185),
(129, 86, 104),
(129, 92, 27),
(130, 37, 42),
(130, 49, 78),
(130, 54, 88),
(130, 68, 66),
(130, 92, 53),
(131, 37, 42),
(131, 49, 29),
(131, 54, 88),
(131, 68, 66),
(131, 92, 53),
(132, 11, 136),
(132, 16, 13),
(132, 23, 133),
(132, 37, 81),
(132, 49, 60),
(132, 54, 185),
(132, 68, 45),
(132, 86, 104),
(132, 92, 28),
(133, 11, 136),
(133, 16, 13),
(133, 23, 133),
(133, 37, 81),
(133, 49, 60),
(133, 54, 185),
(133, 68, 45),
(133, 86, 104),
(133, 92, 28),
(134, 37, 42),
(134, 49, 29),
(134, 54, 89),
(134, 68, 17),
(134, 92, 54),
(135, 37, 43),
(135, 49, 29),
(135, 54, 89),
(135, 68, 17),
(135, 92, 54),
(136, 16, 14),
(136, 49, 61),
(136, 54, 186),
(136, 86, 105),
(136, 92, 28),
(137, 16, 15),
(137, 49, 65),
(137, 92, 29),
(138, 16, 16),
(138, 49, 66),
(138, 54, 191),
(138, 86, 107),
(138, 92, 31),
(139, 37, 47),
(139, 49, 34),
(139, 54, 93),
(139, 68, 21),
(139, 92, 8),
(140, 37, 47),
(140, 49, 34),
(140, 54, 94),
(140, 68, 21),
(140, 92, 9),
(141, 16, 18),
(141, 49, 68),
(141, 92, 33),
(142, 11, 142),
(142, 16, 19),
(142, 23, 89),
(142, 37, 87),
(142, 49, 69),
(142, 54, 194),
(142, 68, 51),
(142, 86, 110),
(142, 92, 34),
(144, 37, 49),
(144, 49, 36),
(144, 54, 95),
(144, 68, 23),
(144, 92, 10),
(145, 37, 49),
(145, 49, 36),
(145, 54, 96),
(145, 68, 23),
(145, 92, 11),
(146, 37, 50),
(146, 49, 37),
(146, 54, 96),
(146, 68, 24),
(146, 92, 11),
(147, 37, 50),
(147, 49, 37),
(147, 54, 96),
(147, 68, 24),
(147, 92, 11),
(148, 37, 50),
(148, 49, 37),
(148, 54, 97),
(148, 68, 24),
(148, 92, 12),
(149, 37, 50),
(149, 49, 37),
(149, 54, 97),
(149, 68, 24),
(149, 92, 12),
(150, 37, 54),
(150, 49, 41),
(150, 54, 101),
(150, 68, 28),
(150, 92, 15),
(151, 37, 54),
(151, 49, 41),
(151, 54, 101),
(151, 68, 28),
(151, 92, 15),
(152, 37, 54),
(152, 49, 41),
(152, 54, 101),
(152, 68, 28),
(152, 92, 15),
(157, 49, 42),
(159, 11, 87),
(159, 16, 15),
(159, 37, 63),
(159, 49, 51),
(159, 68, 39),
(159, 92, 27),
(160, 11, 93),
(160, 16, 21),
(160, 37, 69),
(160, 49, 57),
(160, 68, 45),
(160, 92, 33),
(161, 11, 108),
(161, 16, 36),
(161, 23, 132),
(161, 37, 84),
(161, 49, 72),
(161, 54, 120),
(161, 68, 60),
(161, 86, 96),
(161, 92, 48),
(163, 11, 107),
(163, 16, 35),
(163, 37, 83),
(163, 49, 71),
(163, 68, 59),
(163, 92, 47),
(166, 16, 54),
(166, 49, 90),
(166, 54, 138),
(166, 86, 114),
(166, 92, 66),
(168, 37, 92),
(168, 49, 80),
(168, 54, 128),
(168, 68, 68),
(168, 92, 56),
(170, 49, 81),
(172, 49, 85),
(173, 49, 94),
(174, 11, 146),
(174, 16, 74),
(174, 23, 170),
(174, 37, 122),
(174, 49, 110),
(174, 54, 158),
(174, 68, 98),
(174, 86, 134),
(174, 92, 86),
(175, 11, 146),
(175, 16, 74),
(175, 23, 170),
(175, 37, 122),
(175, 49, 110),
(175, 54, 158),
(175, 68, 98),
(175, 86, 134),
(175, 92, 86),
(182, 11, 245),
(182, 16, 110),
(182, 23, 175),
(182, 37, 184),
(182, 49, 163),
(182, 54, 177),
(182, 68, 143),
(182, 86, 210),
(182, 92, 128),
(184, 11, 246),
(184, 16, 111),
(184, 23, 175),
(184, 37, 184),
(184, 49, 164),
(184, 54, 178),
(184, 68, 143),
(184, 86, 211),
(184, 92, 128),
(185, 11, 246),
(185, 16, 111),
(185, 23, 176),
(185, 37, 185),
(185, 49, 164),
(185, 54, 178),
(185, 68, 144),
(185, 86, 211),
(185, 92, 129),
(188, 16, 119),
(188, 49, 172),
(188, 54, 171),
(188, 86, 219),
(188, 92, 137),
(189, 16, 119),
(189, 49, 172),
(189, 54, 172),
(189, 86, 219),
(189, 92, 137),
(190, 16, 120),
(190, 49, 173),
(190, 54, 172),
(190, 86, 223),
(190, 92, 137),
(191, 16, 120),
(191, 49, 173),
(191, 54, 173),
(191, 86, 223),
(191, 92, 138),
(193, 16, 121),
(193, 49, 174),
(193, 54, 173),
(193, 86, 223),
(193, 92, 138),
(195, 16, 122),
(195, 49, 175),
(195, 54, 174),
(195, 86, 224),
(195, 92, 139),
(196, 16, 122),
(196, 49, 175),
(196, 54, 174),
(196, 86, 225),
(196, 92, 139),
(198, 16, 122),
(198, 49, 176),
(198, 54, 175),
(198, 86, 225),
(198, 92, 140),
(199, 16, 123),
(199, 49, 176),
(199, 54, 176),
(199, 86, 226),
(199, 92, 141),
(200, 16, 123),
(200, 49, 177),
(200, 54, 176),
(200, 86, 226),
(200, 92, 141),
(201, 16, 124),
(201, 49, 177),
(201, 54, 176),
(201, 86, 227),
(201, 92, 142),
(203, 16, 124),
(203, 49, 177),
(203, 54, 177),
(203, 86, 227),
(203, 92, 142),
(204, 16, 125),
(204, 49, 178),
(204, 54, 177),
(204, 86, 227),
(204, 92, 142),
(205, 16, 125),
(205, 49, 178),
(205, 54, 177),
(205, 86, 228),
(205, 92, 142),
(207, 11, 181),
(207, 16, 109),
(207, 23, 205),
(207, 37, 157),
(207, 49, 145),
(207, 54, 193),
(207, 68, 133),
(207, 86, 169),
(207, 92, 121),
(210, 16, 110),
(210, 49, 146),
(210, 54, 194),
(210, 86, 170),
(210, 92, 122),
(211, 16, 111),
(211, 49, 147),
(211, 54, 195),
(211, 86, 171),
(211, 92, 123),
(212, 16, 111),
(212, 49, 147),
(212, 54, 195),
(212, 86, 171),
(212, 92, 123),
(214, 16, 112),
(214, 49, 148),
(214, 54, 196),
(214, 86, 172),
(214, 92, 124),
(216, 11, 185),
(216, 16, 113),
(216, 23, 209),
(216, 37, 161),
(216, 49, 149),
(216, 54, 197),
(216, 68, 137),
(216, 86, 173),
(216, 92, 125),
(217, 16, 113),
(217, 49, 149),
(217, 92, 125),
(218, 16, 114),
(218, 49, 150),
(218, 54, 198),
(218, 86, 174),
(218, 92, 126),
(220, 11, 272),
(220, 16, 134),
(220, 23, 196),
(220, 37, 208),
(220, 49, 185),
(220, 54, 184),
(220, 68, 167),
(220, 86, 234),
(220, 92, 149),
(221, 11, 273),
(221, 16, 135),
(221, 23, 197),
(221, 37, 209),
(221, 49, 185),
(221, 54, 185),
(221, 68, 168),
(221, 86, 235),
(221, 92, 150),
(222, 11, 273),
(222, 16, 135),
(222, 23, 197),
(222, 37, 209),
(222, 49, 186),
(222, 54, 185),
(222, 68, 168),
(222, 86, 235),
(222, 92, 150),
(223, 11, 273),
(223, 16, 136),
(223, 23, 197),
(223, 37, 209),
(223, 49, 186),
(223, 54, 185),
(223, 68, 168),
(223, 86, 236),
(223, 92, 151),
(227, 49, 141),
(227, 54, 189),
(228, 49, 141),
(228, 54, 189),
(229, 37, 163),
(229, 49, 149),
(229, 54, 212),
(229, 68, 136),
(229, 92, 123),
(230, 37, 163),
(230, 49, 149),
(230, 54, 213),
(230, 68, 136),
(230, 92, 124),
(231, 37, 163),
(231, 49, 150),
(231, 54, 213),
(231, 68, 136),
(231, 92, 124),
(232, 37, 163),
(232, 49, 150),
(232, 54, 213),
(232, 68, 137),
(232, 92, 124),
(233, 37, 164),
(233, 49, 150),
(233, 54, 213),
(233, 68, 137),
(233, 92, 124),
(234, 37, 164),
(234, 49, 150),
(234, 54, 213),
(234, 68, 137),
(234, 92, 124),
(235, 37, 164),
(235, 49, 150),
(235, 54, 214),
(235, 68, 137),
(235, 92, 125),
(236, 37, 164),
(236, 49, 151),
(236, 54, 214),
(237, 37, 164),
(237, 49, 151),
(237, 54, 214),
(238, 37, 165),
(238, 49, 151),
(238, 54, 214),
(239, 37, 165),
(239, 49, 151),
(239, 54, 214),
(241, 11, 181),
(241, 16, 109),
(241, 37, 157),
(241, 49, 145),
(241, 68, 133),
(241, 92, 121),
(242, 11, 181),
(242, 16, 109),
(242, 37, 157),
(242, 49, 145),
(242, 68, 133),
(242, 92, 121),
(243, 11, 181),
(243, 16, 109),
(243, 37, 157),
(243, 49, 145),
(243, 68, 133),
(243, 92, 121),
(245, 11, 197),
(245, 16, 125),
(245, 23, 221),
(245, 37, 173),
(245, 49, 161),
(245, 54, 209),
(245, 68, 149),
(245, 86, 185),
(245, 92, 137),
(247, 49, 148),
(251, 49, 150),
(254, 37, 175),
(254, 49, 161),
(254, 54, 225),
(254, 68, 148),
(254, 92, 136),
(255, 37, 175),
(255, 49, 162),
(255, 54, 225),
(255, 68, 148),
(255, 92, 136),
(256, 37, 175),
(256, 49, 162),
(256, 54, 225),
(256, 68, 149),
(256, 92, 136),
(257, 37, 176),
(257, 49, 162),
(257, 54, 226),
(257, 68, 149),
(257, 92, 136),
(258, 37, 176),
(258, 49, 162),
(258, 54, 226),
(258, 68, 149),
(258, 92, 136),
(259, 37, 176),
(259, 49, 162),
(259, 54, 226),
(259, 68, 149),
(259, 92, 137),
(260, 37, 176),
(260, 49, 163),
(260, 54, 226),
(260, 68, 149),
(260, 92, 137),
(261, 37, 176),
(261, 49, 163),
(261, 54, 226),
(262, 37, 177),
(262, 49, 163),
(262, 54, 227),
(263, 37, 177),
(263, 49, 163),
(263, 54, 227),
(263, 68, 150),
(263, 92, 137),
(264, 37, 177),
(264, 49, 163),
(264, 54, 227),
(264, 68, 150),
(264, 92, 137),
(265, 37, 177),
(265, 49, 164),
(265, 54, 227),
(269, 11, 304),
(269, 16, 161),
(269, 23, 222),
(269, 37, 237),
(269, 49, 214),
(269, 54, 210),
(269, 68, 196),
(269, 86, 266),
(269, 92, 178),
(270, 11, 304),
(270, 16, 161),
(270, 23, 222),
(270, 37, 237),
(270, 49, 214),
(270, 54, 210),
(270, 68, 196),
(270, 86, 266),
(270, 92, 178),
(271, 16, 165),
(271, 49, 221),
(271, 54, 215),
(271, 86, 271),
(271, 92, 183),
(272, 16, 166),
(272, 49, 222),
(272, 54, 216),
(272, 86, 272),
(272, 92, 184),
(273, 37, 199),
(273, 49, 184),
(273, 54, 264),
(273, 68, 170),
(273, 92, 156),
(274, 16, 148),
(274, 49, 184),
(274, 54, 232),
(274, 86, 208),
(274, 92, 160),
(276, 16, 169),
(276, 49, 225),
(276, 54, 219),
(276, 86, 275),
(276, 92, 187),
(277, 16, 169),
(277, 49, 225),
(277, 54, 219),
(277, 86, 275),
(277, 92, 187),
(278, 16, 170),
(278, 49, 226),
(278, 54, 220),
(278, 86, 276),
(278, 92, 188),
(279, 37, 193),
(279, 49, 180),
(279, 54, 244),
(280, 37, 194),
(280, 49, 180),
(280, 54, 244),
(280, 68, 167),
(280, 92, 154),
(281, 11, 227),
(281, 16, 155),
(281, 23, 251),
(281, 37, 203),
(281, 49, 191),
(281, 54, 239),
(281, 68, 179),
(281, 86, 215),
(281, 92, 167),
(283, 16, 179),
(283, 49, 232),
(283, 54, 226),
(283, 86, 282),
(283, 92, 194),
(284, 37, 220),
(284, 49, 320),
(284, 54, 353),
(284, 68, 294),
(284, 92, 268),
(285, 37, 216),
(285, 49, 202),
(285, 54, 267),
(285, 68, 189),
(285, 92, 176),
(286, 37, 216),
(286, 49, 203),
(286, 54, 267),
(286, 68, 189),
(286, 92, 177),
(287, 49, 212),
(288, 49, 213);

-- --------------------------------------------------------

--
-- Table structure for table `locations`
--

CREATE TABLE `locations` (
  `LocationID` int(2) NOT NULL,
  `StreetAddress` varchar(40) DEFAULT NULL,
  `PostalCode` varchar(10) DEFAULT NULL,
  `City` varchar(19) DEFAULT NULL,
  `State` varchar(16) DEFAULT NULL,
  `CountryCode` varchar(2) DEFAULT NULL
) ENGINE=InnoDB DEFAULT CHARSET=utf8 COLLATE=utf8_general_ci;

--
-- Dumping data for table `locations`
--

INSERT INTO `locations` (`LocationID`, `StreetAddress`, `PostalCode`, `City`, `State`, `CountryCode`) VALUES
(0, '40-5-12 Laogianggen', '190518', 'Beijing', '', 'CN'),
(1, '12-98 Victoria Street', '2901', 'Sydney', 'New South Wales', 'AU'),
(2, 'Rua Frei Caneca 1360 ', '01307-002', 'Sao Paulo', 'Sao Paulo', 'BR'),
(3, 'Murtenstrasse 921', '3095', 'Bern', 'BE', 'CH'),
(4, '2014 Jabberwocky Rd', '26192', 'Southlake', 'Texas', 'US'),
(5, '2004 Charade Rd', '98199', 'Seattle', 'Washington', 'US'),
(6, '2011 Interiors Blvd', '99236', 'South San Francisco', 'California', 'US'),
(7, '1297 Via Cola di Rie', '989', 'Roma', '', 'IT'),
(8, 'Schwanthalerstr. 7031', '80925', 'Munich', 'Bavaria', 'DE'),
(9, '20 Rue des Corps-Saints', '1730', 'Geneva', 'Geneve', 'CH'),
(10, '6092 Boxwood St', 'YSW 9T2', 'Whitehorse', 'Yukon', 'CA'),
(11, '198 Clementi North', '540198', 'Singapore', '', 'SG'),
(12, 'Mariano Escobedo 9991', '11932', 'Mexico City', 'Distrito Federal', 'MX'),
(14, '2017 Shinjuku-ku', '1689', 'Tokyo', 'Tokyo Prefecture', 'JP'),
(15, '8204 Arthur St', '', 'London', '', 'UK'),
(16, '93091 Calle della Testa', '10934', 'Venice', '', 'IT'),
(17, '9702 Chester Road', '9629850293', 'Stretford', 'Manchester', 'UK'),
(18, '147 Spadina Ave', 'M5V 2L7', 'Toronto', 'Ontario', 'CA'),
(19, '1298 Vileparle (E)', '490231', 'Bombay', 'Maharashtra', 'IN'),
(20, 'Pieter Breughelstraat 837', '3029SK', 'Utrecht', 'Utrecht', 'NL'),
(21, '9450 Kamiya-cho', '6823', 'Hiroshima', '', 'JP'),
(22, '2007 Zagora St', '50090', 'South Brunswick', 'New Jersey', 'US'),
(23, 'Magdalen Centre, The Oxford Science Park', 'OX9 9ZB', 'Oxford', 'Oxford', 'UK');

-- --------------------------------------------------------

--
-- Table structure for table `orders`
--

CREATE TABLE `orders` (
  `OrderId` int(3) NOT NULL,
  `CustomerID` int(2) DEFAULT NULL,
  `Status` varchar(8) DEFAULT NULL,
  `EmployeeID` int(3) DEFAULT NULL,
  `DateOrdered` varchar(9) DEFAULT NULL
) ENGINE=InnoDB DEFAULT CHARSET=utf8 COLLATE=utf8_general_ci;

--
-- Dumping data for table `orders`
--

INSERT INTO `orders` (`OrderId`, `CustomerID`, `Status`, `EmployeeID`, `DateOrdered`) VALUES
(1, 4, 'Pending', 56, '15-Oct-17'),
(2, 4, 'Shipped', 0, '26-Apr-15'),
(3, 5, 'Shipped', 0, '26-Apr-17'),
(4, 8, 'Shipped', 59, '9-Apr-15'),
(5, 5, 'Canceled', 56, '9-Apr-17'),
(6, 6, 'Shipped', 0, '9-Apr-15'),
(7, 7, 'Shipped', 0, '15-Feb-17'),
(8, 8, 'Shipped', 0, '14-Feb-17'),
(9, 9, 'Shipped', 0, '14-Feb-17'),
(10, 44, 'Pending', 0, '24-Jan-17'),
(11, 45, 'Shipped', 0, '29-Nov-16'),
(12, 46, 'Shipped', 0, '29-Nov-16'),
(13, 47, 'Shipped', 0, '29-Nov-16'),
(14, 48, 'Shipped', 0, '28-Sep-17'),
(15, 49, 'Shipped', 0, '27-Sep-17'),
(16, 16, 'Pending', 0, '27-Sep-16'),
(17, 17, 'Shipped', 0, '27-Sep-17'),
(18, 18, 'Shipped', 0, '16-Aug-16'),
(19, 19, 'Shipped', 0, '27-May-16'),
(20, 20, 'Shipped', 0, '27-May-17'),
(21, 21, 'Pending', 0, '27-May-17'),
(22, 22, 'Canceled', 0, '26-May-16'),
(23, 23, 'Shipped', 0, '7-Sep-16'),
(24, 41, 'Shipped', 0, '7-Sep-16'),
(25, 42, 'Shipped', 0, '24-Aug-16'),
(26, 46, 'Shipped', 62, '16-Aug-16'),
(27, 43, 'Canceled', 0, '16-Aug-16'),
(28, 6, 'Canceled', 57, '15-Aug-17'),
(29, 44, 'Shipped', 0, '14-Aug-17'),
(30, 45, 'Shipped', 0, '12-Aug-17'),
(31, 46, 'Canceled', 0, '12-Aug-17'),
(32, 47, 'Shipped', 0, '9-Mar-17'),
(33, 48, 'Shipped', 0, '7-Mar-17'),
(34, 49, 'Shipped', 0, '12-Jun-16'),
(35, 50, 'Shipped', 0, '5-Sep-16'),
(36, 51, 'Shipped', 0, '5-Sep-17'),
(37, 52, 'Shipped', 0, '19-Feb-17'),
(38, 53, 'Canceled', 57, '31-May-15'),
(39, 54, 'Shipped', 62, '22-Oct-16'),
(40, 55, 'Shipped', 62, '11-May-17'),
(41, 9, 'Shipped', 59, '11-May-17'),
(42, 56, 'Canceled', 64, '3-May-15'),
(43, 47, 'Shipped', 62, '2-May-15'),
(44, 2, 'Pending', 55, '20-Feb-17'),
(45, 57, 'Shipped', 64, '20-Feb-17'),
(46, 58, 'Pending', 62, '20-Feb-17'),
(47, 59, 'Canceled', 62, '10-Oct-16'),
(48, 60, 'Canceled', 64, '10-Oct-16'),
(49, 61, 'Shipped', 55, '2-Oct-16'),
(50, 62, 'Pending', 55, '2-Oct-16'),
(51, 63, 'Shipped', 59, '2-Oct-16'),
(52, 64, 'Shipped', 60, '2-Oct-16'),
(53, 48, 'Shipped', 62, '29-Sep-16'),
(54, 65, 'Shipped', 56, '29-Sep-16'),
(55, 66, 'Pending', 59, '29-Sep-16'),
(56, 67, 'Canceled', 55, '29-Sep-16'),
(57, 68, 'Shipped', 57, '24-Aug-17'),
(58, 69, 'Shipped', 57, '24-Aug-16'),
(59, 70, 'Shipped', 59, '29-Jun-15'),
(60, 1, 'Shipped', 62, '30-Jun-17'),
(61, 2, 'Shipped', 54, '30-Jun-16'),
(62, 3, 'Shipped', 62, '30-Jun-15'),
(63, 4, 'Shipped', 61, '30-Jun-16'),
(64, 5, 'Shipped', 64, '21-Jun-16'),
(65, 6, 'Shipped', 64, '21-Jun-13'),
(66, 7, 'Canceled', 61, '21-Jun-16'),
(67, 8, 'Canceled', 61, '14-Jun-16'),
(68, 9, 'Pending', 0, '13-Jun-16'),
(69, 44, 'Canceled', 54, '17-Mar-17'),
(70, 45, 'Canceled', 61, '21-Feb-17'),
(71, 46, 'Shipped', 54, '21-Feb-17'),
(72, 47, 'Shipped', 64, '17-Feb-16'),
(73, 48, 'Shipped', 0, '17-Feb-16'),
(74, 49, 'Shipped', 64, '10-Feb-17'),
(75, 16, 'Shipped', 0, '10-Feb-17'),
(76, 17, 'Shipped', 55, '10-Feb-17'),
(77, 1, 'Shipped', 60, '2-Jan-17'),
(78, 2, 'Pending', 64, '14-Dec-15'),
(79, 2, 'Shipped', 64, '14-Dec-16'),
(80, 3, 'Shipped', 64, '13-Dec-16'),
(81, 49, 'Shipped', 62, '13-Dec-16'),
(82, 44, 'Shipped', 60, '3-Dec-16'),
(83, 16, 'Shipped', 62, '2-Dec-16'),
(84, 3, 'Shipped', 64, '1-Dec-15'),
(85, 4, 'Pending', 55, '1-Dec-16'),
(86, 5, 'Pending', 60, '30-Nov-16'),
(87, 7, 'Canceled', 57, '1-Dec-16'),
(88, 6, 'Shipped', 61, '1-Nov-17'),
(89, 7, 'Shipped', 55, '27-Oct-15'),
(90, 8, 'Pending', 55, '28-Oct-15'),
(91, 9, 'Pending', 56, '28-Oct-16'),
(92, 44, 'Shipped', 59, '28-Oct-15'),
(93, 17, 'Shipped', 62, '27-Oct-16'),
(94, 1, 'Shipped', 62, '27-Oct-17'),
(95, 45, 'Shipped', 59, '19-Sep-16'),
(96, 46, 'Shipped', 56, '14-Sep-16'),
(97, 47, 'Canceled', 60, '12-Jul-16'),
(98, 48, 'Shipped', 55, '18-Mar-17'),
(99, 49, 'Shipped', 60, '7-Jan-17'),
(100, 16, 'Pending', 54, '5-Jan-17'),
(101, 3, 'Pending', 55, '3-Jan-17'),
(102, 45, 'Shipped', 61, '20-Dec-16'),
(103, 17, 'Pending', 64, '8-Feb-16'),
(104, 18, 'Shipped', 60, '1-Feb-17'),
(105, 1, 'Pending', 54, '17-Nov-16');

-- --------------------------------------------------------

--
-- Table structure for table `order_items`
--

CREATE TABLE `order_items` (
  `OrderId` int(3) NOT NULL,
  `ItemId` int(2) NOT NULL,
  `ProductID` int(3) DEFAULT NULL,
  `Quantity` int(3) DEFAULT NULL,
  `UnitPrice` decimal(6,2) DEFAULT NULL
) ENGINE=InnoDB DEFAULT CHARSET=utf8 COLLATE=utf8_general_ci;

--
-- Dumping data for table `order_items`
--

INSERT INTO `order_items` (`OrderId`, `ItemId`, `ProductID`, `Quantity`, `UnitPrice`) VALUES
(1, 1, 137, 116, '469.99'),
(1, 2, 78, 77, '686.99'),
(1, 3, 64, 52, '525.99'),
(1, 4, 210, 87, '1029.99'),
(1, 5, 138, 131, '645.99'),
(1, 6, 126, 95, '640.99'),
(1, 7, 30, 41, '645.20'),
(1, 8, 170, 129, '383.98'),
(1, 9, 196, 139, '1099.99'),
(1, 10, 64, 147, '525.99'),
(1, 11, 169, 105, '1844.89'),
(1, 12, 226, 103, '309.85'),
(1, 13, 178, 121, '1999.89'),
(2, 1, 43, 111, '298.98'),
(2, 2, 265, 121, '1431.99'),
(2, 3, 195, 39, '1055.99'),
(2, 4, 18, 49, '799.00'),
(2, 5, 160, 30, '1908.73'),
(2, 6, 182, 95, '949.89'),
(2, 7, 204, 100, '686.99'),
(2, 8, 141, 97, '419.99'),
(2, 9, 200, 75, '620.95'),
(3, 1, 24, 111, '66.89'),
(3, 2, 56, 65, '16.99'),
(3, 3, 28, 63, '479.99'),
(3, 4, 64, 46, '525.99'),
(3, 5, 107, 112, '644.00'),
(3, 6, 36, 81, '1299.99'),
(3, 7, 125, 73, '768.99'),
(3, 8, 190, 127, '948.99'),
(4, 1, 280, 47, '149.88'),
(4, 2, 137, 75, '469.99'),
(4, 3, 7, 140, '680.99'),
(4, 4, 287, 60, '329.99'),
(4, 5, 20, 80, '719.99'),
(4, 6, 159, 96, '1994.49'),
(4, 7, 262, 79, '1449.99'),
(4, 8, 18, 116, '799.00'),
(5, 1, 149, 70, '282.98'),
(5, 2, 15, 45, '725.99'),
(5, 3, 216, 82, '863.98'),
(5, 4, 31, 77, '443.72'),
(5, 5, 31, 78, '443.72'),
(6, 1, 199, 67, '647.99'),
(6, 2, 138, 41, '645.99'),
(6, 3, 94, 90, '15.55'),
(6, 4, 258, 145, '57.98'),
(6, 5, 11, 74, '2015.11'),
(6, 6, 89, 150, '749.99'),
(6, 7, 7, 119, '680.99'),
(7, 1, 227, 74, '305.00'),
(7, 2, 230, 49, '136.69'),
(8, 1, 87, 92, '759.99'),
(8, 2, 12, 70, '824.98'),
(8, 3, 71, 87, '660.00'),
(8, 4, 25, 40, '104.88'),
(8, 5, 284, 118, '54.99'),
(8, 6, 127, 34, '719.99'),
(8, 7, 16, 135, '889.89'),
(8, 8, 100, 68, '97.88'),
(8, 9, 268, 148, '47.88'),
(9, 1, 108, 139, '849.99'),
(9, 2, 99, 123, '68.06'),
(9, 3, 265, 90, '1431.99'),
(9, 4, 288, 62, '319.99'),
(9, 5, 145, 58, '287.00'),
(9, 6, 14, 48, '704.99'),
(9, 7, 124, 117, '594.99'),
(9, 8, 93, 132, '2116.72'),
(10, 1, 145, 118, '287.00'),
(10, 2, 10, 102, '811.99'),
(10, 3, 182, 83, '949.89'),
(10, 4, 172, 133, '358.49'),
(10, 5, 218, 68, '1388.89'),
(10, 6, 64, 96, '525.99'),
(10, 7, 127, 52, '719.99'),
(10, 8, 18, 124, '799.00'),
(10, 9, 119, 107, '899.99'),
(11, 1, 96, 113, '141.56'),
(11, 2, 40, 79, '299.89'),
(12, 1, 191, 41, '573.99'),
(12, 2, 63, 58, '572.96'),
(12, 3, 42, 75, '299.89'),
(12, 4, 144, 70, '289.79'),
(12, 5, 208, 133, '1199.99'),
(12, 6, 236, 114, '745.32'),
(12, 7, 141, 110, '419.99'),
(12, 8, 256, 85, '26.99'),
(12, 9, 282, 117, '804.99'),
(12, 10, 210, 37, '1029.99'),
(12, 11, 169, 114, '1844.89'),
(12, 12, 96, 120, '141.56'),
(13, 1, 84, 46, '440.30'),
(13, 2, 85, 82, '1274.99'),
(13, 3, 240, 80, '1805.97'),
(13, 4, 30, 60, '645.20'),
(13, 5, 167, 89, '1010.46'),
(13, 6, 1, 127, '640.99'),
(13, 7, 39, 67, '301.99'),
(13, 8, 1, 95, '640.99'),
(13, 9, 225, 137, '503.98'),
(13, 10, 245, 138, '1699.00'),
(14, 1, 129, 98, '734.99'),
(14, 2, 206, 133, '4139.00'),
(14, 3, 231, 87, '449.99'),
(14, 4, 114, 40, '820.61'),
(14, 5, 239, 125, '739.99'),
(14, 6, 188, 79, '482.49'),
(14, 7, 113, 32, '704.99'),
(14, 8, 238, 64, '741.78'),
(15, 1, 287, 60, '329.99'),
(15, 2, 154, 67, '1204.98'),
(15, 3, 246, 133, '343.99'),
(15, 4, 239, 71, '739.99'),
(15, 5, 230, 92, '136.69'),
(15, 6, 253, 83, '579.99'),
(15, 7, 83, 118, '829.99'),
(15, 8, 241, 77, '1756.00'),
(16, 1, 166, 70, '1638.89'),
(16, 2, 155, 106, '588.95'),
(16, 3, 235, 56, '41.99'),
(16, 4, 95, 42, '109.99'),
(16, 5, 45, 80, '2501.69'),
(16, 6, 131, 53, '279.99'),
(16, 7, 256, 44, '26.99'),
(16, 8, 138, 142, '645.99'),
(16, 9, 135, 76, '127.88'),
(17, 1, 149, 51, '282.98'),
(18, 1, 213, 105, '1469.96'),
(18, 2, 226, 57, '309.85'),
(18, 3, 93, 83, '2116.72'),
(18, 4, 91, 141, '2259.99'),
(18, 5, 87, 103, '759.99'),
(18, 6, 259, 60, '80.72'),
(18, 7, 188, 133, '482.49'),
(18, 8, 136, 32, '826.99'),
(19, 1, 38, 53, '1199.99'),
(19, 2, 24, 62, '66.89'),
(19, 3, 23, 142, '89.89'),
(19, 4, 259, 46, '80.72'),
(19, 5, 107, 106, '644.00'),
(19, 6, 103, 105, '809.99'),
(19, 7, 30, 94, '645.20'),
(19, 8, 91, 130, '2259.99'),
(19, 9, 63, 83, '572.96'),
(19, 10, 200, 93, '620.95'),
(20, 1, 126, 105, '640.99'),
(20, 2, 41, 78, '299.89'),
(21, 1, 36, 79, '1299.99'),
(21, 2, 101, 146, '635.99'),
(21, 3, 250, 120, '338.99'),
(21, 4, 1, 135, '640.99'),
(22, 1, 83, 44, '829.99'),
(22, 2, 116, 45, '731.99'),
(22, 3, 24, 77, '66.89'),
(22, 4, 288, 44, '319.99'),
(22, 5, 160, 59, '1908.73'),
(22, 6, 56, 43, '16.99'),
(22, 7, 17, 60, '699.01'),
(22, 8, 222, 99, '754.98'),
(22, 9, 8, 89, '601.99'),
(22, 10, 90, 95, '759.99'),
(22, 11, 234, 144, '150.99'),
(22, 12, 108, 45, '849.99'),
(22, 13, 281, 73, '864.98'),
(23, 1, 202, 104, '713.99'),
(23, 2, 190, 50, '948.99'),
(23, 3, 210, 80, '1029.99'),
(23, 4, 116, 74, '731.99'),
(23, 5, 5, 59, '2290.79'),
(23, 6, 169, 40, '1844.89'),
(23, 7, 286, 36, '234.00'),
(23, 8, 241, 126, '1756.00'),
(23, 9, 14, 86, '704.99'),
(23, 10, 187, 110, '353.98'),
(24, 1, 121, 129, '721.99'),
(24, 2, 227, 61, '305.00'),
(24, 3, 47, 51, '2377.09'),
(24, 4, 24, 59, '66.89'),
(24, 5, 41, 83, '299.89'),
(24, 6, 276, 99, '1163.99'),
(25, 1, 43, 109, '298.98'),
(25, 2, 239, 119, '739.99'),
(25, 3, 29, 65, '645.99'),
(25, 4, 209, 80, '1199.99'),
(25, 5, 235, 45, '41.99'),
(25, 6, 28, 85, '479.99'),
(25, 7, 135, 132, '127.88'),
(25, 8, 2, 65, '2554.99'),
(26, 1, 200, 114, '620.95'),
(26, 2, 186, 92, '1449.98'),
(26, 3, 279, 71, '1318.99'),
(26, 4, 164, 78, '1850.00'),
(26, 5, 151, 36, '281.97'),
(27, 1, 71, 38, '660.00'),
(27, 2, 141, 77, '419.99'),
(27, 3, 68, 96, '766.11'),
(27, 4, 263, 95, '89.99'),
(27, 5, 118, 122, '699.89'),
(27, 6, 29, 133, '645.99'),
(27, 7, 155, 51, '588.95'),
(27, 8, 71, 127, '660.00'),
(27, 9, 93, 132, '2116.72'),
(27, 10, 150, 58, '281.98'),
(27, 11, 116, 67, '731.99'),
(27, 12, 92, 105, '2200.00'),
(27, 13, 111, 102, '827.37'),
(28, 1, 31, 61, '443.72'),
(28, 2, 121, 120, '721.99'),
(28, 3, 41, 56, '299.89'),
(28, 4, 208, 139, '1199.99'),
(28, 5, 27, 99, '800.74'),
(28, 6, 210, 120, '1029.99'),
(28, 7, 54, 131, '1019.99'),
(28, 8, 40, 105, '299.89'),
(29, 1, 7, 38, '680.99'),
(29, 2, 82, 62, '1499.89'),
(29, 3, 268, 118, '47.88'),
(29, 4, 141, 32, '419.99'),
(29, 5, 258, 137, '57.98'),
(29, 6, 30, 75, '645.20'),
(29, 7, 166, 103, '1638.89'),
(29, 8, 10, 81, '811.99'),
(29, 9, 233, 71, '59.99'),
(29, 10, 76, 62, '629.99'),
(29, 11, 115, 52, '699.99'),
(30, 1, 235, 70, '41.99'),
(30, 2, 200, 137, '620.95'),
(30, 3, 260, 37, '267.99'),
(30, 4, 237, 50, '744.98'),
(30, 5, 43, 68, '298.98'),
(30, 6, 4, 82, '2699.99'),
(30, 7, 155, 64, '588.95'),
(31, 1, 101, 68, '635.99'),
(31, 2, 176, 97, '939.49'),
(31, 3, 191, 147, '573.99'),
(31, 4, 226, 34, '309.85'),
(31, 5, 79, 56, '659.99'),
(31, 6, 171, 103, '382.98'),
(32, 1, 251, 83, '337.81'),
(32, 2, 142, 130, '2998.89'),
(32, 3, 73, 134, '799.00'),
(32, 4, 30, 105, '645.20'),
(32, 5, 85, 148, '1274.99'),
(32, 6, 102, 147, '2042.69'),
(33, 1, 55, 93, '150.99'),
(33, 2, 153, 33, '1249.00'),
(33, 3, 217, 67, '401.98'),
(33, 4, 55, 93, '150.99'),
(33, 5, 62, 84, '789.79'),
(33, 6, 190, 70, '948.99'),
(33, 7, 18, 41, '799.00'),
(33, 8, 13, 75, '704.99'),
(34, 1, 185, 141, '873.98'),
(34, 2, 131, 113, '279.99'),
(34, 3, 39, 100, '301.99'),
(34, 4, 143, 106, '402.99'),
(34, 5, 68, 37, '766.11'),
(34, 6, 101, 62, '635.99'),
(35, 1, 174, 133, '798.26'),
(35, 2, 70, 134, '710.99'),
(35, 3, 211, 87, '1064.99'),
(35, 4, 41, 79, '299.89'),
(35, 5, 186, 41, '1449.98'),
(36, 1, 204, 45, '686.99'),
(36, 2, 101, 105, '635.99'),
(36, 3, 100, 102, '97.88'),
(36, 4, 10, 72, '811.99'),
(36, 5, 255, 143, '90.99'),
(36, 6, 205, 33, '649.99'),
(36, 7, 152, 45, '280.98'),
(36, 8, 141, 144, '419.99'),
(37, 1, 35, 150, '1314.99'),
(37, 2, 67, 129, '863.05'),
(37, 3, 147, 100, '283.98'),
(38, 1, 71, 90, '660.00'),
(38, 2, 169, 52, '1844.89'),
(38, 3, 264, 89, '88.99'),
(38, 4, 61, 59, '487.30'),
(38, 5, 209, 149, '1199.99'),
(38, 6, 278, 76, '677.99'),
(38, 7, 49, 139, '1499.99'),
(39, 1, 186, 116, '1449.98'),
(39, 2, 153, 108, '1249.00'),
(39, 3, 109, 33, '713.99'),
(39, 4, 53, 128, '1003.98'),
(39, 5, 38, 144, '1199.99'),
(39, 6, 20, 112, '719.99'),
(39, 7, 185, 101, '873.98'),
(39, 8, 179, 102, '312.67'),
(39, 9, 144, 125, '289.79'),
(40, 1, 141, 106, '419.99'),
(40, 2, 101, 131, '635.99'),
(40, 3, 250, 131, '338.99'),
(40, 4, 230, 80, '136.69'),
(40, 5, 98, 149, '2064.99'),
(40, 6, 273, 82, '443.64'),
(40, 7, 258, 99, '57.98'),
(40, 8, 31, 30, '443.72'),
(40, 9, 170, 31, '383.98'),
(40, 10, 215, 36, '829.89'),
(40, 11, 184, 88, '999.99'),
(41, 1, 268, 80, '47.88'),
(41, 2, 219, 82, '1299.73'),
(41, 3, 69, 86, '678.75'),
(41, 4, 258, 49, '57.98'),
(41, 5, 179, 83, '312.67'),
(41, 6, 287, 112, '329.99'),
(41, 7, 25, 101, '104.88'),
(41, 8, 21, 31, '749.99'),
(41, 9, 55, 61, '150.99'),
(42, 1, 34, 45, '417.98'),
(42, 2, 10, 147, '811.99'),
(42, 3, 249, 76, '2660.72'),
(42, 4, 213, 103, '1469.96'),
(42, 5, 252, 85, '499.99'),
(42, 6, 78, 47, '686.99'),
(42, 7, 139, 149, '65.92'),
(43, 1, 67, 74, '863.05'),
(43, 2, 287, 66, '329.99'),
(43, 3, 110, 94, '3192.97'),
(43, 4, 105, 86, '2799.99'),
(43, 5, 86, 114, '804.98'),
(43, 6, 235, 86, '41.99'),
(43, 7, 1, 57, '640.99'),
(43, 8, 169, 73, '1844.89'),
(44, 1, 220, 118, '759.99'),
(44, 2, 215, 148, '829.89'),
(44, 3, 271, 37, '549.59'),
(44, 4, 158, 100, '2009.46'),
(45, 1, 74, 43, '701.95'),
(45, 2, 66, 126, '399.99'),
(45, 3, 68, 88, '766.11'),
(46, 1, 120, 51, '892.00'),
(46, 2, 4, 112, '2699.99'),
(46, 3, 187, 86, '353.98'),
(46, 4, 264, 104, '88.99'),
(46, 5, 181, 94, '999.99'),
(46, 6, 60, 80, '59.99'),
(46, 7, 155, 114, '588.95'),
(46, 8, 123, 116, '3177.44'),
(46, 9, 2, 65, '2554.99'),
(46, 10, 214, 91, '1009.79'),
(46, 11, 89, 119, '749.99'),
(47, 1, 178, 73, '1999.89'),
(47, 2, 55, 107, '150.99'),
(47, 3, 65, 99, '1199.99'),
(47, 4, 33, 98, '52.65'),
(47, 5, 149, 123, '282.98'),
(48, 1, 165, 46, '1666.61'),
(48, 2, 158, 98, '2009.46'),
(49, 1, 172, 104, '358.49'),
(50, 1, 215, 49, '829.89'),
(51, 1, 21, 34, '749.99'),
(51, 2, 7, 64, '680.99'),
(52, 1, 235, 123, '41.99'),
(53, 1, 100, 130, '97.88'),
(53, 2, 168, 89, '43.99'),
(53, 3, 9, 106, '899.99'),
(53, 4, 177, 96, '1759.99'),
(54, 1, 208, 73, '1199.99'),
(54, 2, 4, 136, '2699.99'),
(54, 3, 68, 134, '766.11'),
(55, 1, 102, 127, '2042.69'),
(55, 2, 32, 70, '469.99'),
(55, 3, 260, 79, '267.99'),
(56, 1, 84, 70, '440.30'),
(57, 1, 224, 75, '349.99'),
(57, 2, 177, 110, '1759.99'),
(57, 3, 238, 122, '741.78'),
(57, 4, 164, 114, '1850.00'),
(57, 5, 132, 77, '554.99'),
(57, 6, 164, 44, '1850.00'),
(58, 1, 64, 55, '525.99'),
(58, 2, 120, 32, '892.00'),
(58, 3, 113, 73, '704.99'),
(58, 4, 186, 70, '1449.98'),
(58, 5, 62, 143, '789.79'),
(58, 6, 213, 77, '1469.96'),
(58, 7, 108, 49, '849.99'),
(58, 8, 157, 65, '388.99'),
(58, 9, 136, 134, '826.99'),
(58, 10, 163, 31, '1899.99'),
(58, 11, 152, 51, '280.98'),
(58, 12, 62, 148, '789.79'),
(59, 1, 178, 101, '1999.89'),
(59, 2, 166, 34, '1638.89'),
(59, 3, 118, 105, '699.89'),
(59, 4, 47, 138, '2377.09'),
(59, 5, 203, 117, '671.38'),
(59, 6, 154, 126, '1204.98'),
(59, 7, 152, 82, '280.98'),
(59, 8, 287, 96, '329.99'),
(59, 9, 154, 82, '1204.98'),
(60, 1, 205, 74, '649.99'),
(60, 2, 13, 138, '704.99'),
(60, 3, 272, 144, '1073.99'),
(60, 4, 92, 125, '2200.00'),
(60, 5, 278, 114, '677.99'),
(60, 6, 51, 79, '2269.99'),
(60, 7, 189, 146, '649.00'),
(61, 1, 174, 114, '798.26'),
(61, 2, 56, 75, '16.99'),
(61, 3, 146, 59, '283.98'),
(61, 4, 34, 71, '417.98'),
(61, 5, 15, 32, '725.99'),
(61, 6, 5, 50, '2290.79'),
(61, 7, 52, 45, '1676.98'),
(62, 1, 188, 130, '482.49'),
(63, 1, 70, 72, '710.99'),
(63, 2, 54, 47, '1019.99'),
(64, 1, 199, 61, '647.99'),
(64, 2, 126, 52, '640.99'),
(65, 1, 280, 104, '149.88'),
(65, 2, 113, 83, '704.99'),
(65, 3, 116, 35, '731.99'),
(65, 4, 248, 42, '2774.98'),
(65, 5, 119, 141, '899.99'),
(65, 6, 262, 118, '1449.99'),
(66, 1, 77, 143, '695.99'),
(66, 2, 218, 40, '1388.89'),
(66, 3, 286, 35, '234.00'),
(66, 4, 103, 88, '809.99'),
(66, 5, 174, 66, '798.26'),
(66, 6, 97, 130, '59.87'),
(66, 7, 49, 78, '1499.99'),
(66, 8, 75, 122, '624.04'),
(66, 9, 279, 90, '1318.99'),
(67, 1, 287, 61, '329.99'),
(67, 2, 144, 121, '289.79'),
(67, 3, 167, 94, '1010.46'),
(67, 4, 109, 117, '713.99'),
(67, 5, 80, 129, '564.89'),
(67, 6, 108, 82, '849.99'),
(67, 7, 78, 124, '686.99'),
(67, 8, 247, 39, '339.99'),
(67, 9, 91, 138, '2259.99'),
(67, 10, 239, 45, '739.99'),
(68, 1, 163, 98, '1899.99'),
(68, 2, 248, 42, '2774.98'),
(68, 3, 183, 50, '899.99'),
(68, 4, 163, 125, '1899.99'),
(68, 5, 108, 150, '849.99'),
(68, 6, 13, 141, '704.99'),
(68, 7, 189, 139, '649.00'),
(68, 8, 204, 56, '686.99'),
(68, 9, 177, 84, '1759.99'),
(69, 1, 206, 57, '4139.00'),
(69, 2, 71, 66, '660.00'),
(69, 3, 253, 112, '579.99'),
(69, 4, 82, 58, '1499.89'),
(69, 5, 278, 71, '677.99'),
(69, 6, 3, 46, '799.99'),
(69, 7, 79, 49, '659.99'),
(69, 8, 169, 67, '1844.89'),
(69, 9, 261, 55, '1504.99'),
(70, 1, 185, 146, '873.98'),
(70, 2, 83, 52, '829.99'),
(70, 3, 102, 84, '2042.69'),
(70, 4, 82, 139, '1499.89'),
(70, 5, 124, 106, '594.99'),
(70, 6, 50, 68, '8867.99'),
(70, 7, 32, 132, '469.99'),
(71, 1, 19, 146, '1704.37'),
(71, 2, 241, 38, '1756.00'),
(71, 3, 195, 75, '1055.99'),
(72, 1, 129, 101, '734.99'),
(72, 2, 211, 123, '1064.99'),
(72, 3, 273, 145, '443.64'),
(73, 1, 245, 120, '1699.00'),
(73, 2, 35, 130, '1314.99'),
(73, 3, 31, 102, '443.72'),
(73, 4, 45, 54, '2501.69'),
(73, 5, 192, 124, '519.99'),
(74, 1, 104, 97, '83.88'),
(74, 2, 250, 86, '338.99'),
(74, 3, 242, 61, '1751.99'),
(74, 4, 106, 82, '608.95'),
(74, 5, 3, 101, '799.99'),
(74, 6, 187, 137, '353.98'),
(74, 7, 27, 92, '800.74'),
(75, 1, 58, 73, '784.98'),
(75, 2, 187, 74, '353.98'),
(75, 3, 33, 143, '52.65'),
(75, 4, 142, 115, '2998.89'),
(75, 5, 192, 37, '519.99'),
(75, 6, 95, 81, '109.99'),
(75, 7, 106, 74, '608.95'),
(75, 8, 24, 82, '66.89'),
(75, 9, 20, 34, '719.99'),
(75, 10, 72, 86, '589.99'),
(75, 11, 6, 128, '849.99'),
(76, 1, 109, 92, '713.99'),
(76, 2, 177, 98, '1759.99'),
(76, 3, 163, 134, '1899.99'),
(76, 4, 272, 56, '1073.99'),
(76, 5, 89, 133, '749.99'),
(76, 6, 167, 46, '1010.46'),
(76, 7, 196, 125, '1099.99'),
(76, 8, 201, 91, '653.50'),
(76, 9, 155, 78, '588.95'),
(76, 10, 95, 106, '109.99'),
(77, 1, 203, 65, '671.38'),
(77, 2, 168, 136, '43.99'),
(77, 3, 218, 143, '1388.89'),
(77, 4, 2, 99, '2554.99'),
(77, 5, 271, 148, '549.59'),
(78, 1, 92, 147, '2200.00'),
(78, 2, 169, 50, '1844.89'),
(78, 3, 125, 119, '768.99'),
(78, 4, 200, 87, '620.95'),
(78, 5, 181, 37, '999.99'),
(78, 6, 206, 145, '4139.00'),
(79, 1, 285, 145, '339.99'),
(79, 2, 265, 53, '1431.99'),
(79, 3, 204, 138, '686.99'),
(79, 4, 63, 146, '572.96'),
(80, 1, 213, 63, '1469.96'),
(81, 1, 128, 133, '741.63'),
(81, 2, 241, 134, '1756.00'),
(81, 3, 69, 104, '678.75'),
(81, 4, 49, 83, '1499.99'),
(81, 5, 55, 144, '150.99'),
(81, 6, 65, 61, '1199.99'),
(81, 7, 79, 127, '659.99'),
(82, 1, 91, 42, '2259.99'),
(82, 2, 107, 71, '644.00'),
(82, 3, 254, 121, '119.99'),
(82, 4, 157, 113, '388.99'),
(82, 5, 48, 59, '1218.50'),
(82, 6, 180, 56, '279.99'),
(82, 7, 70, 31, '710.99'),
(82, 8, 213, 56, '1469.96'),
(82, 9, 284, 138, '54.99'),
(83, 1, 264, 35, '88.99'),
(83, 2, 196, 54, '1099.99'),
(83, 3, 116, 76, '731.99'),
(83, 4, 261, 106, '1504.99'),
(83, 5, 101, 122, '635.99'),
(83, 6, 233, 86, '59.99'),
(83, 7, 18, 49, '799.00'),
(83, 8, 174, 117, '798.26'),
(84, 1, 106, 137, '608.95'),
(84, 2, 199, 137, '647.99'),
(84, 3, 269, 147, '759.99'),
(84, 4, 95, 36, '109.99'),
(84, 5, 87, 119, '759.99'),
(84, 6, 131, 34, '279.99'),
(85, 1, 155, 114, '588.95'),
(85, 2, 230, 35, '136.69'),
(86, 1, 202, 46, '713.99'),
(86, 2, 156, 47, '394.99'),
(86, 3, 287, 45, '329.99'),
(86, 4, 121, 76, '721.99'),
(87, 1, 47, 123, '2377.09'),
(87, 2, 233, 96, '59.99'),
(87, 3, 130, 119, '117.45'),
(87, 4, 127, 59, '719.99'),
(87, 5, 265, 74, '1431.99'),
(87, 6, 174, 84, '798.26'),
(87, 7, 7, 66, '680.99'),
(87, 8, 257, 110, '84.95'),
(87, 9, 121, 142, '721.99'),
(87, 10, 76, 96, '629.99'),
(87, 11, 271, 58, '549.59'),
(88, 1, 278, 139, '677.99'),
(88, 2, 11, 106, '2015.11'),
(89, 1, 247, 45, '339.99'),
(89, 2, 102, 84, '2042.69'),
(89, 3, 224, 89, '349.99'),
(89, 4, 253, 126, '579.99'),
(89, 5, 44, 55, '49.37'),
(89, 6, 122, 140, '722.99'),
(89, 7, 76, 109, '629.99'),
(89, 8, 151, 127, '281.97'),
(90, 1, 65, 84, '1199.99'),
(90, 2, 64, 60, '525.99'),
(90, 3, 134, 106, '295.72'),
(90, 4, 93, 146, '2116.72'),
(90, 5, 73, 129, '799.00'),
(90, 6, 185, 147, '873.98'),
(90, 7, 250, 125, '338.99'),
(90, 8, 92, 49, '2200.00'),
(91, 1, 122, 89, '722.99'),
(91, 2, 220, 127, '759.99'),
(91, 3, 266, 83, '1418.99'),
(91, 4, 194, 75, '397.42'),
(91, 5, 272, 111, '1073.99'),
(91, 6, 123, 37, '3177.44'),
(91, 7, 118, 113, '699.89'),
(91, 8, 196, 102, '1099.99'),
(91, 9, 43, 44, '298.98'),
(91, 10, 269, 104, '759.99'),
(91, 11, 226, 77, '309.85'),
(92, 1, 208, 114, '1199.99'),
(92, 2, 34, 126, '417.98'),
(92, 3, 65, 132, '1199.99'),
(92, 4, 110, 111, '3192.97'),
(92, 5, 114, 112, '820.61'),
(92, 6, 164, 91, '1850.00'),
(92, 7, 108, 104, '849.99'),
(93, 1, 257, 70, '84.95'),
(93, 2, 169, 46, '1844.89'),
(93, 3, 251, 30, '337.81'),
(93, 4, 43, 113, '298.98'),
(93, 5, 121, 141, '721.99'),
(94, 1, 255, 38, '90.99'),
(94, 2, 186, 146, '1449.98'),
(94, 3, 218, 86, '1388.89'),
(94, 4, 80, 133, '564.89'),
(94, 5, 181, 143, '999.99'),
(94, 6, 4, 111, '2699.99'),
(94, 7, 172, 37, '358.49'),
(94, 8, 258, 73, '57.98'),
(94, 9, 12, 33, '824.98'),
(95, 1, 52, 138, '1676.98'),
(95, 2, 143, 64, '402.99'),
(95, 3, 271, 69, '549.59'),
(95, 4, 86, 123, '804.98'),
(95, 5, 107, 76, '644.00'),
(95, 6, 71, 135, '660.00'),
(96, 1, 260, 34, '267.99'),
(97, 1, 110, 39, '3192.97'),
(97, 2, 207, 82, '3254.99'),
(97, 3, 270, 61, '769.99'),
(97, 4, 33, 67, '52.65'),
(97, 5, 99, 48, '68.06'),
(97, 6, 219, 132, '1299.73'),
(98, 1, 66, 104, '399.99'),
(98, 2, 48, 44, '1218.50'),
(99, 1, 95, 66, '109.99'),
(99, 2, 118, 37, '699.89'),
(99, 3, 84, 98, '440.30'),
(99, 4, 36, 71, '1299.99'),
(99, 5, 200, 58, '620.95'),
(99, 6, 1, 43, '640.99'),
(99, 7, 201, 31, '653.50'),
(99, 8, 102, 101, '2042.69'),
(99, 9, 17, 144, '699.01'),
(100, 1, 280, 70, '149.88'),
(101, 1, 17, 47, '699.01'),
(101, 2, 113, 134, '704.99'),
(101, 3, 135, 134, '127.88'),
(101, 4, 284, 52, '54.99'),
(101, 5, 150, 36, '281.98'),
(101, 6, 20, 138, '719.99'),
(101, 7, 102, 123, '2042.69'),
(102, 1, 196, 69, '1099.99'),
(102, 2, 95, 117, '109.99'),
(102, 3, 247, 149, '339.99'),
(103, 1, 6, 117, '849.99'),
(103, 2, 258, 142, '57.98'),
(104, 1, 129, 74, '734.99'),
(104, 2, 171, 90, '382.98'),
(104, 3, 45, 48, '2501.69'),
(104, 4, 48, 51, '1218.50'),
(104, 5, 281, 85, '864.98'),
(104, 6, 51, 139, '2269.99'),
(104, 7, 178, 145, '1999.89'),
(105, 1, 31, 116, '443.72'),
(105, 2, 242, 67, '1751.99'),
(105, 3, 275, 45, '399.99'),
(105, 4, 138, 80, '645.99'),
(105, 5, 103, 77, '809.99'),
(105, 6, 183, 79, '899.99');

-- --------------------------------------------------------

--
-- Table structure for table `products`
--

CREATE TABLE `products` (
  `ProductID` int(3) NOT NULL,
  `ProductName` varchar(43) DEFAULT NULL,
  `Speed` varchar(9) DEFAULT NULL,
  `Cores` varchar(2) DEFAULT NULL,
  `TDP` varchar(3) DEFAULT NULL,
  `Chipset` varchar(28) DEFAULT NULL,
  `Memory` varchar(4) DEFAULT NULL,
  `CoreClock` varchar(4) DEFAULT NULL,
  `Type` varchar(7) DEFAULT NULL,
  `DIMMCas` varchar(2) DEFAULT NULL,
  `Module` varchar(6) DEFAULT NULL,
  `Size` varchar(5) DEFAULT NULL,
  `Cpu` varchar(20) DEFAULT NULL,
  `FormFactor` varchar(9) DEFAULT NULL,
  `Ram` varchar(2) DEFAULT NULL,
  `MaxRam` varchar(5) DEFAULT NULL,
  `Series` varchar(18) DEFAULT NULL,
  `Capacity` varchar(5) DEFAULT NULL,
  `Cache` varchar(6) DEFAULT NULL,
  `Cost` decimal(6,2) DEFAULT NULL,
  `Price` decimal(6,2) DEFAULT NULL,
  `CategoryName` varchar(12) DEFAULT NULL
) ENGINE=InnoDB DEFAULT CHARSET=utf8 COLLATE=utf8_general_ci;

--
-- Dumping data for table `products`
--

INSERT INTO `products` (`ProductID`, `ProductName`, `Speed`, `Cores`, `TDP`, `Chipset`, `Memory`, `CoreClock`, `Type`, `DIMMCas`, `Module`, `Size`, `Cpu`, `FormFactor`, `Ram`, `MaxRam`, `Series`, `Capacity`, `Cache`, `Cost`, `Price`, `CategoryName`) VALUES
(1, 'G.Skill Ripjaws V Series', 'DDR4-3000', '', '', '', '', '', '28', '15', '8x8GB', '64GB', '', '', '', '', '', '', '', '450.36', '640.99', 'Storage'),
(2, 'Intel Xeon E5-2697 V4', '2.3', '18', '145', '', '', '', '', '', '', '', '', '', '', '', '', '', '', '2144.40', '2554.99', 'CPU'),
(3, 'Corsair CB-9060011-WW', '', '', '', 'GeForce GTX 1080 Ti', '11GB', '1.57', '', '', '', '', '', '', '', '', '', '', '', '573.51', '799.99', 'Video Card'),
(4, 'AMD 100-505989', '', '', '', 'FirePro W9100', '32GB', '0.93', '', '', '', '', '', '', '', '', '', '', '', '2128.67', '2699.99', 'Video Card'),
(5, 'PNY VCQK6000-PB', '', '', '', 'Quadro K6000', '12GB', '0.90', '', '', '', '', '', '', '', '', '', '', '', '1740.31', '2290.79', 'Video Card'),
(6, 'Zotac ZT-P10810A-10P', '', '', '', 'GeForce GTX 1080 Ti', '11GB', '1.48', '', '', '', '', '', '', '', '', '', '', '', '702.35', '849.99', 'Video Card'),
(7, 'G.Skill Ripjaws V Series', 'DDR4-3200', '', '', '', '', '', '28', '15', '8x8GB', '64GB', '', '', '', '', '', '', '', '602.40', '680.99', 'Storage'),
(8, 'Intel Xeon E5-1650 V4', '3.6', '6', '140', '', '', '', '', '', '', '', '', '', '', '', '', '', '', '535.47', '601.99', 'CPU'),
(9, 'Intel Xeon E5-2640 V4', '2.4', '10', '90', '', '', '', '', '', '', '', '', '', '', '', '', '', '', '738.71', '899.99', 'CPU'),
(10, 'Crucial', 'DDR4-2133', '', '', '', '', '', '28', '15', '2x16GB', '32GB', '', '', '', '', '', '', '', '580.33', '811.99', 'Storage'),
(11, 'PNY VCQP5000-PB', '', '', '', 'Quadro P5000', '16GB', '1.61', '', '', '', '', '', '', '', '', '', '', '', '1602.21', '2015.11', 'Video Card'),
(12, 'Gigabyte GV-N108TAORUSX W-11GD', '', '', '', 'GeForce GTX 1080 Ti', '11GB', '1.63', '', '', '', '', '', '', '', '', '', '', '', '596.05', '824.98', 'Video Card'),
(13, 'G.Skill Ripjaws V Series', 'DDR4-3333', '', '', '', '', '', '28', '16', '4x16GB', '64GB', '', '', '', '', '', '', '', '618.63', '704.99', 'Storage'),
(14, 'G.Skill Ripjaws V Series', 'DDR4-3333', '', '', '', '', '', '28', '16', '4x16GB', '64GB', '', '', '', '', '', '', '', '633.65', '704.99', 'Storage'),
(15, 'G.Skill Trident Z', 'DDR4-3466', '', '', '', '', '', '28', '16', '4x16GB', '64GB', '', '', '', '', '', '', '', '601.56', '725.99', 'Storage'),
(16, 'Intel Core i7-6900K', '3.2', '8', '140', '', '', '', '', '', '', '', '', '', '', '', '', '', '', '792.89', '889.89', 'CPU'),
(17, 'Corsair Vengeance LPX', 'DDR4-3333', '', '', '', '', '', '28', '15', '4x16GB', '64GB', '', '', '', '', '', '', '', '595.42', '699.01', 'Storage'),
(18, 'Crucial', 'DDR4-2400', '', '', '', '', '', '28', '17', '1x64GB', '64GB', '', '', '', '', '', '', '', '604.04', '799.00', 'Storage'),
(19, 'Intel Core i7-6950X (OEM/Tray)', '3', '10', '140', '', '', '', '', '', '', '', '', '', '', '', '', '', '', '1479.56', '1704.37', 'CPU'),
(20, 'Corsair Dominator Platinum', 'DDR4-3200', '', '', '', '', '', '28', '15', '4x16GB', '64GB', '', '', '', '', '', '', '', '616.53', '719.99', 'Storage'),
(21, 'Corsair Dominator Platinum', 'DDR4-3466', '', '', '', '', '', '28', '16', '4x16GB', '64GB', '', '', '', '', '', '', '', '609.89', '749.99', 'Storage'),
(22, 'Seagate ST3000DM008', '', '', '', '', '', '', '7200RPM', '', '', '', '', '', '', '', 'Barracuda', '3TB', '64MB', '61.63', '83.61', 'Storage'),
(23, 'Western Digital WDS250G1B0A', '', '', '', '', '', '', 'SSD', '', '', '', '', '', '', '', 'Blue', '250GB', 'N/A', '72.54', '89.89', 'Storage'),
(24, 'Seagate ST2000DM006', '', '', '', '', '', '', '7200RPM', '', '', '', '', '', '', '', 'Barracuda', '2TB', '64MB', '47.93', '66.89', 'Storage'),
(25, 'Samsung MZ-75E250B/AM', '', '', '', '', '', '', 'SSD', '', '', '', '', '', '', '', '850 EVO-Series', '250GB', 'N/A', '87.98', '104.88', 'Storage'),
(26, 'Samsung MZ-75E500B/AM', '', '', '', '', '', '', 'SSD', '', '', '', '', '', '', '', '850 EVO-Series', '500GB', 'N/A', '157.81', '178.09', 'Storage'),
(27, 'Intel Core i7-3960X Extreme Edition', '3.3', '6', '130', '', '', '', '', '', '', '', '', '', '', '', '', '', '', '573.41', '800.74', 'CPU'),
(28, 'Supermicro X9SRH-7TF', '', '', '', '', '', '', '', '', '', '', 'LGA2011', 'ATX', '8', '64GB', '', '', '', '411.64', '479.99', 'Mother Board'),
(29, 'Corsair Vengeance LPX', 'DDR4-3200', '', '', '', '', '', '28', '15', '4x16GB', '64GB', '', '', '', '', '', '', '', '571.70', '645.99', 'Storage'),
(30, 'G.Skill Ripjaws V Series', 'DDR4-2800', '', '', '', '', '', '28', '14', '4x16GB', '64GB', '', '', '', '', '', '', '', '452.54', '645.20', 'Storage'),
(31, 'Supermicro MBD-X10DAX', '', '', '', '', '', '', '', '', '', '', 'LGA2011-3 x 2', 'EATX', '16', '', '', '', '', '385.24', '443.72', 'Mother Board'),
(32, 'ASRock X99 Extreme11', '', '', '', '', '', '', '', '', '', '', 'LGA2011-3', 'EATX', '8', '128GB', '', '', '', '380.55', '469.99', 'Mother Board'),
(33, 'ADATA ASU800SS-128GT-C', '', '', '', '', '', '', 'SSD', '', '', '', '', '', '', '', 'Ultimate SU800', '128GB', 'N/A', '37.78', '52.65', 'Storage'),
(34, 'Asus KGPE-D16', '', '', '', '', '', '', '', '', '', '', 'G34 x 2', 'SSI EEB', '16', '256GB', '', '', '', '360.72', '417.98', 'Mother Board'),
(35, 'Corsair Dominator Platinum', 'DDR4-2800', '', '', '', '', '', '28', '15', '8x16GB', '128GB', '', '', '', '', '', '', '', '1131.68', '1314.99', 'Storage'),
(36, 'Corsair Vengeance LPX', 'DDR4-3000', '', '', '', '', '', '28', '15', '8x16GB', '128GB', '', '', '', '', '', '', '', '912.98', '1299.99', 'Storage'),
(37, 'Corsair Dominator Platinum', 'DDR4-2666', '', '', '', '', '', '28', '15', '8x16GB', '128GB', '', '', '', '', '', '', '', '1068.66', '1264.99', 'Storage'),
(38, 'Corsair Vengeance LPX', 'DDR4-2400', '', '', '', '', '', '28', '15', '8x16GB', '128GB', '', '', '', '', '', '', '', '1019.51', '1199.99', 'Storage'),
(39, 'ASRock EP2C602-4L/D16', '', '', '', '', '', '', '', '', '', '', 'LGA2011 x 2', 'SSI EEB', '16', '512GB', '', '', '', '225.47', '301.99', 'Mother Board'),
(40, 'MSI Z170A KRAIT GAMING 3X', '', '', '', '', '', '', '', '', '', '', 'LGA1151', 'ATX', '4', '64GB', '', '', '', '245.40', '299.89', 'Mother Board'),
(41, 'MSI Z170 Krait Gaming', '', '', '', '', '', '', '', '', '', '', 'LGA1151', 'ATX', '4', '64GB', '', '', '', '231.58', '299.89', 'Mother Board'),
(42, 'MSI Z170A KRAIT GAMING', '', '', '', '', '', '', '', '', '', '', 'LGA1151', 'ATX', '4', '64GB', '', '', '', '262.40', '299.89', 'Mother Board'),
(43, 'Asus MAXIMUS IX CODE', '', '', '', '', '', '', '', '', '', '', 'LGA1151', 'ATX', '4', '64GB', '', '', '', '266.15', '298.98', 'Mother Board'),
(44, 'Seagate ST1000DM010', '', '', '', '', '', '', '7200RPM', '', '', '', '', '', '', '', 'BarraCuda', '1TB', '64MB', '42.18', '49.37', 'Storage'),
(45, 'Intel Xeon E5-2685 V3 (OEM/Tray)', '2.6', '12', '120', '', '', '', '', '', '', '', '', '', '', '', '', '', '', '2012.11', '2501.69', 'CPU'),
(46, 'Intel Xeon E5-2695 V3 (OEM/Tray)', '2.3', '14', '120', '', '', '', '', '', '', '', '', '', '', '', '', '', '', '1925.13', '2431.95', 'CPU'),
(47, 'Intel Xeon E5-2697 V2', '2.7', '12', '130', '', '', '', '', '', '', '', '', '', '', '', '', '', '', '2101.59', '2377.09', 'CPU'),
(48, 'AMD FirePro S7000', '', '', '', 'FirePro S7000', '4GB', '0.95', '', '', '', '', '', '', '', '', '', '', '', '936.42', '1218.50', 'Video Card'),
(49, 'Samsung MZ-75E4T0B', '', '', '', '', '', '', 'SSD', '', '', '', '', '', '', '', '850 EVO', '4TB', '4GB', '1153.64', '1499.99', 'Storage'),
(50, 'Intel SSDPECME040T401', '', '', '', '', '', '', 'SSD', '', '', '', '', '', '', '', 'DC P3608', '4TB', 'N/A', '7123.66', '8867.99', 'Storage'),
(51, 'Intel Xeon E5-2695 V4', '2.1', '18', '120', '', '', '', '', '', '', '', '', '', '', '', '', '', '', '1780.35', '2269.99', 'CPU'),
(52, 'Intel Xeon E5-2670 V3', '2.3', '12', '120', '', '', '', '', '', '', '', '', '', '', '', '', '', '', '1453.94', '1676.98', 'CPU'),
(53, 'Intel Core 2 Extreme QX6800', '2.93', '4', '100', '', '', '', '', '', '', '', '', '', '', '', '', '', '', '787.72', '1003.98', 'CPU'),
(54, 'Intel Xeon E5-1660 V3 (OEM/Tray)', '3', '8', '140', '', '', '', '', '', '', '', '', '', '', '', '', '', '', '914.52', '1019.99', 'CPU'),
(55, 'Crucial CT525MX300SSD4', '', '', '', '', '', '', 'SSD', '', '', '', '', '', '', '', 'MX300', '525GB', 'N/A', '121.92', '150.99', 'Storage'),
(56, 'Western Digital WD2500AAJS', '', '', '', '', '', '', '7200RPM', '', '', '', '', '', '', '', 'Caviar Blue', '250GB', '8MB', '15.23', '16.99', 'Storage'),
(57, 'Western Digital WD20EZRZ', '', '', '', '', '', '', '5400RPM', '', '', '', '', '', '', '', 'Blue', '2TB', '64MB', '58.01', '67.34', 'Storage'),
(58, 'Gigabyte GV-N108TAORUS X-11GD', '', '', '', 'GeForce GTX 1080 Ti', '11GB', '1.61', '', '', '', '', '', '', '', '', '', '', '', '688.35', '784.98', 'Video Card'),
(59, 'Intel Core i7-5960X (OEM/Tray)', '3', '8', '140', '', '', '', '', '', '', '', '', '', '', '', '', '', '', '879.80', '977.99', 'CPU'),
(60, 'Hitachi HUA723020ALA640', '', '', '', '', '', '', '7200RPM', '', '', '', '', '', '', '', 'Ultrastar 7K3000', '2TB', '64MB', '45.18', '59.99', 'Storage'),
(61, 'Asus PRIME X299-DELUXE', '', '', '', '', '', '', '', '', '', '', 'LGA2066', 'ATX', '8', '128GB', '', '', '', '409.92', '487.30', 'Mother Board'),
(62, 'Intel DP35DPM', '', '', '', '', '', '', '', '', '', '', 'LGA775', 'ATX', '4', '8GB', '', '', '', '626.22', '789.79', 'Mother Board'),
(63, 'Asus RAMPAGE V EXTREME', '', '', '', '', '', '', '', '', '', '', 'LGA2011-3', 'EATX', '8', '64GB', '', '', '', '459.00', '572.96', 'Mother Board'),
(64, 'Supermicro H8DG6-F', '', '', '', '', '', '', '', '', '', '', 'G34 x 2', 'EATX', '16', '512GB', '', '', '', '416.64', '525.99', 'Mother Board'),
(65, 'Corsair Dominator Platinum', 'DDR4-2400', '', '', '', '', '', '28', '15', '8x16GB', '128GB', '', '', '', '', '', '', '', '1002.47', '1199.99', 'Storage'),
(66, 'Gigabyte X299 AORUS Gaming 7', '', '', '', '', '', '', '', '', '', '', 'LGA2066', 'ATX', '8', '128GB', '', '', '', '283.91', '399.99', 'Mother Board'),
(67, 'Kingston HyperX Beast', 'DDR3-1866', '', '', '', '', '', '24', '10', '8x8GB', '64GB', '', '', '', '', '', '', '', '708.91', '863.05', 'Storage'),
(68, 'Crucial', 'DDR4-2133', '', '', '', '', '', '28', '15', '4x16GB', '64GB', '', '', '', '', '', '', '', '590.13', '766.11', 'Storage'),
(69, 'Intel Core i7-7820X', '3.6', '8', '140', '', '', '', '', '', '', '', '', '', '', '', '', '', '', '511.10', '678.75', 'CPU'),
(70, 'Intel Xeon E5-2687W', '3.1', '8', '150', '', '', '', '', '', '', '', '', '', '', '', '', '', '', '581.16', '710.99', 'CPU'),
(71, 'Intel Core i7-3930K', '3.2', '6', '130', '', '', '', '', '', '', '', '', '', '', '', '', '', '', '509.32', '660.00', 'CPU'),
(72, 'Intel Xeon E5-2630 V3 (OEM/Tray)', '2.4', '8', '85', '', '', '', '', '', '', '', '', '', '', '', '', '', '', '421.90', '589.99', 'CPU'),
(73, 'Intel Core i7-4770K', '3.5', '4', '84', '', '', '', '', '', '', '', '', '', '', '', '', '', '', '714.15', '799.00', 'CPU'),
(74, 'Intel Xeon E5-2680 V2', '2.8', '10', '115', '', '', '', '', '', '', '', '', '', '', '', '', '', '', '567.81', '701.95', 'CPU'),
(75, 'Intel Core i7-4930K', '3.4', '6', '130', '', '', '', '', '', '', '', '', '', '', '', '', '', '', '527.69', '624.04', 'CPU'),
(76, 'Intel Xeon E5-2630 V3', '2.4', '8', '85', '', '', '', '', '', '', '', '', '', '', '', '', '', '', '499.96', '629.99', 'CPU'),
(77, 'G.Skill Ripjaws V Series', 'DDR4-3200', '', '', '', '', '', '28', '14', '4x16GB', '64GB', '', '', '', '', '', '', '', '577.25', '695.99', 'Storage'),
(78, 'G.Skill Ripjaws V Series', 'DDR4-3200', '', '', '', '', '', '28', '15', '4x16GB', '64GB', '', '', '', '', '', '', '', '517.78', '686.99', 'Storage'),
(79, 'Corsair Dominator Platinum', 'DDR4-2666', '', '', '', '', '', '28', '15', '8x8GB', '64GB', '', '', '', '', '', '', '', '537.63', '659.99', 'Storage'),
(80, 'Intel Xeon E5-1650 V3', '3.5', '6', '140', '', '', '', '', '', '', '', '', '', '', '', '', '', '', '399.77', '564.89', 'CPU'),
(81, 'Intel Xeon E5-2650 V4', '2.2', '12', '105', '', '', '', '', '', '', '', '', '', '', '', '', '', '', '945.11', '1099.99', 'CPU'),
(82, 'Intel Core i7-6950X', '3', '10', '140', '', '', '', '', '', '', '', '', '', '', '', '', '', '', '1052.92', '1499.89', 'CPU'),
(83, 'Asus STRIX-GTX1080TI-O11G-GAMING', '', '', '', 'GeForce GTX 1080 Ti', '11GB', '1.57', '', '', '', '', '', '', '', '', '', '', '', '691.13', '829.99', 'Video Card'),
(84, 'Asus X99-DELUXE/U3.1', '', '', '', '', '', '', '', '', '', '', 'LGA2011-3', 'ATX', '8', '64GB', '', '', '', '332.38', '440.30', 'Mother Board'),
(85, 'Intel Xeon E5-2660 V3 (OEM/Tray)', '2.6', '10', '105', '', '', '', '', '', '', '', '', '', '', '', '', '', '', '902.18', '1274.99', 'CPU'),
(86, 'MSI GTX 1080 TI SEA HAWK X', '', '', '', 'GeForce GTX 1080 Ti', '11GB', '1.57', '', '', '', '', '', '', '', '', '', '', '', '691.32', '804.98', 'Video Card'),
(87, 'PNY VCGGTX1080T11XGPB-OC', '', '', '', 'GeForce GTX 1080 Ti', '11GB', '1.53', '', '', '', '', '', '', '', '', '', '', '', '600.92', '759.99', 'Video Card'),
(88, 'Gigabyte GV-N98TWF3OC-6GD', '', '', '', 'GeForce GTX 980 Ti', '6GB', '1.06', '', '', '', '', '', '', '', '', '', '', '', '633.29', '749.99', 'Video Card'),
(89, 'PNY VCGGTX780T3XPB-OC', '', '', '', 'GeForce GTX 780 Ti', '3GB', '0.98', '', '', '', '', '', '', '', '', '', '', '', '592.12', '749.99', 'Video Card'),
(90, 'EVGA 11G-P4-6696-KR', '', '', '', 'GeForce GTX 1080 Ti', '11GB', '1.56', '', '', '', '', '', '', '', '', '', '', '', '594.46', '759.99', 'Video Card'),
(91, 'Intel Xeon E5-2695 V2', '2.4', '12', '115', '', '', '', '', '', '', '', '', '', '', '', '', '', '', '1793.53', '2259.99', 'CPU'),
(92, 'Intel Xeon E5-2643 V2 (OEM/Tray)', '3.5', '6', '130', '', '', '', '', '', '', '', '', '', '', '', '', '', '', '1940.18', '2200.00', 'CPU'),
(93, 'Intel Xeon E5-2690 (OEM/Tray)', '2.9', '8', '135', '', '', '', '', '', '', '', '', '', '', '', '', '', '', '1888.33', '2116.72', 'CPU'),
(94, 'Western Digital WD2500AVVS', '', '', '', '', '', '', '5400RPM', '', '', '', '', '', '', '', 'AV-GP', '250GB', '8MB', '12.63', '15.55', 'Storage'),
(95, 'Western Digital WDS256G1X0C', '', '', '', '', '', '', 'SSD', '', '', '', '', '', '', '', 'Black PCIe', '256GB', 'N/A', '85.87', '109.99', 'Storage'),
(96, 'SanDisk SDSSDHII-480G-G25', '', '', '', '', '', '', 'SSD', '', '', '', '', '', '', '', 'Ultra II', '480GB', 'N/A', '102.62', '141.56', 'Storage'),
(97, 'Kingston SV300S37A/120G', '', '', '', '', '', '', 'SSD', '', '', '', '', '', '', '', 'SSDNow V300 Series', '120GB', 'N/A', '45.93', '59.87', 'Storage'),
(98, 'Intel Xeon E5-2687W V3', '3.1', '10', '160', '', '', '', '', '', '', '', '', '', '', '', '', '', '', '1781.47', '2064.99', 'CPU'),
(99, 'Seagate ST1000DX002', '', '', '', '', '', '', 'Hybrid', '', '', '', '', '', '', '', 'FireCuda', '1TB', '64MB', '55.41', '68.06', 'Storage'),
(100, 'Crucial CT275MX300SSD1', '', '', '', '', '', '', 'SSD', '', '', '', '', '', '', '', 'MX300', '275GB', 'N/A', '79.21', '97.88', 'Storage'),
(101, 'Kingston HyperX Predator', 'DDR4-3000', '', '', '', '', '', '28', '15', '4x16GB', '64GB', '', '', '', '', '', '', '', '471.78', '635.99', 'Storage'),
(102, 'Intel Xeon E5-2687W V4', '3', '12', '160', '', '', '', '', '', '', '', '', '', '', '', '', '', '', '1723.83', '2042.69', 'CPU'),
(103, 'EVGA 11G-P4-6598-KR', '', '', '', 'GeForce GTX 1080 Ti', '11GB', '1.56', '', '', '', '', '', '', '', '', '', '', '', '663.54', '809.99', 'Video Card'),
(104, 'SanDisk SDSSDA-240G-G26', '', '', '', '', '', '', 'SSD', '', '', '', '', '', '', '', 'SSD PLUS', '240GB', 'N/A', '61.10', '83.88', 'Storage'),
(105, 'EVGA 12G-P4-3992-KR', '', '', '', 'GeForce GTX Titan Z', '12GB', '0.73', '', '', '', '', '', '', '', '', '', '', '', '2313.07', '2799.99', 'Video Card'),
(106, 'Intel Xeon E5-2640 V2', '2', '8', '95', '', '', '', '', '', '', '', '', '', '', '', '', '', '', '545.19', '608.95', 'CPU'),
(107, 'Kingston', 'DDR3-1600', '', '', '', '', '', '24', '11', '4x16GB', '64GB', '', '', '', '', '', '', '', '474.18', '644.00', 'Storage'),
(108, 'MSI GAMING', '', '', '', 'GeForce GTX 780 Ti', '3GB', '1.02', '', '', '', '', '', '', '', '', '', '', '', '753.18', '849.99', 'Video Card'),
(109, 'G.Skill Trident Z', 'DDR4-3200', '', '', '', '', '', '28', '14', '4x16GB', '64GB', '', '', '', '', '', '', '', '585.26', '713.99', 'Storage'),
(110, 'ATI FirePro W9000', '', '', '', 'FirePro W9000', '6GB', '0.97', '', '', '', '', '', '', '', '', '', '', '', '2785.55', '3192.97', 'Video Card'),
(111, 'Intel Core i7-6900K (OEM/Tray)', '3.2', '8', '140', '', '', '', '', '', '', '', '', '', '', '', '', '', '', '620.28', '827.37', 'CPU'),
(112, 'Corsair Vengeance Pro', 'DDR3-2133', '', '', '', '', '', '24', '11', '8x8GB', '64GB', '', '', '', '', '', '', '', '596.25', '808.92', 'Storage'),
(113, 'G.Skill Trident Z', 'DDR4-3200', '', '', '', '', '', '28', '15', '4x16GB', '64GB', '', '', '', '', '', '', '', '580.21', '704.99', 'Storage'),
(114, 'Zotac ZT-70203-10P', '', '', '', 'GeForce GTX 780', '3GB', '1.01', '', '', '', '', '', '', '', '', '', '', '', '580.42', '820.61', 'Video Card'),
(115, 'Corsair Vengeance LPX', 'DDR4-3200', '', '', '', '', '', '28', '15', '8x8GB', '64GB', '', '', '', '', '', '', '', '565.73', '699.99', 'Storage'),
(116, 'G.Skill Trident Z', 'DDR4-3400', '', '', '', '', '', '28', '16', '4x16GB', '64GB', '', '', '', '', '', '', '', '565.39', '731.99', 'Storage'),
(117, 'G.Skill Ripjaws V Series', 'DDR4-3200', '', '', '', '', '', '28', '14', '4x16GB', '64GB', '', '', '', '', '', '', '', '617.62', '695.99', 'Storage'),
(118, 'Corsair Dominator Platinum', 'DDR4-2800', '', '', '', '', '', '28', '15', '8x8GB', '64GB', '', '', '', '', '', '', '', '578.46', '699.89', 'Storage'),
(119, 'Intel Xeon E5-2640 V3', '2.6', '8', '90', '', '', '', '', '', '', '', '', '', '', '', '', '', '', '668.24', '899.99', 'CPU'),
(120, 'Intel Core 2 Extreme QX9775', '3.2', '4', '150', '', '', '', '', '', '', '', '', '', '', '', '', '', '', '737.68', '892.00', 'CPU'),
(121, 'G.Skill Ripjaws V Series', 'DDR4-3200', '', '', '', '', '', '28', '14', '8x8GB', '64GB', '', '', '', '', '', '', '', '603.22', '721.99', 'Storage'),
(122, 'G.Skill Trident Z', 'DDR4-3333', '', '', '', '', '', '28', '16', '4x16GB', '64GB', '', '', '', '', '', '', '', '532.27', '722.99', 'Storage'),
(123, 'ATI FirePro S9150', '', '', '', 'FirePro S9150', '16GB', '0.9', '', '', '', '', '', '', '', '', '', '', '', '2628.06', '3177.44', 'Video Card'),
(124, 'Intel Xeon E5-1650 V4 (OEM/Tray)', '3.6', '6', '140', '', '', '', '', '', '', '', '', '', '', '', '', '', '', '453.14', '594.99', 'CPU'),
(125, 'G.Skill Trident Z', 'DDR4-3600', '', '', '', '', '', '28', '17', '4x16GB', '64GB', '', '', '', '', '', '', '', '594.04', '768.99', 'Storage'),
(126, 'G.Skill Ripjaws V Series', 'DDR4-3200', '', '', '', '', '', '28', '16', '8x8GB', '64GB', '', '', '', '', '', '', '', '510.93', '640.99', 'Storage'),
(127, 'Corsair Dominator Platinum', 'DDR4-3333', '', '', '', '', '', '28', '15', '4x16GB', '64GB', '', '', '', '', '', '', '', '538.55', '719.99', 'Storage'),
(128, 'Kingston', 'DDR4-2133', '', '', '', '', '', '28', '15', '4x16GB', '64GB', '', '', '', '', '', '', '', '650.48', '741.63', 'Storage'),
(129, 'Corsair Vengeance LPX', 'DDR4-3333', '', '', '', '', '', '28', '15', '4x16GB', '64GB', '', '', '', '', '', '', '', '609.53', '734.99', 'Storage'),
(130, 'Western Digital WD2003FZEX', '', '', '', '', '', '', '7200RPM', '', '', '', '', '', '', '', 'BLACK SERIES', '2TB', '64MB', '91.76', '117.45', 'Storage'),
(131, 'Samsung MZ-V6P512BW', '', '', '', '', '', '', 'SSD', '', '', '', '', '', '', '', '960 PRO', '512GB', '512MB', '223.99', '279.99', 'Storage'),
(132, 'Intel Core i7-5930K', '3.5', '6', '140', '', '', '', '', '', '', '', '', '', '', '', '', '', '', '481.56', '554.99', 'CPU'),
(133, 'PNY VCQP6000-PB', '', '', '', 'Quadro P6000', '24GB', '1.42', '', '', '', '', '', '', '', '', '', '', '', '4058.99', '5499.99', 'Video Card'),
(134, 'Asus Sabertooth 990FX', '', '', '', '', '', '', '', '', '', '', 'AM3+', 'ATX', '4', '32GB', '', '', '', '252.31', '295.72', 'Mother Board'),
(135, 'Samsung MZ-V6E250', '', '', '', '', '', '', 'SSD', '', '', '', '', '', '', '', '960 EVO', '250GB', '512MB', '92.98', '127.88', 'Storage'),
(136, 'AMD Opteron 6378', '2.4', '16', '115', '', '', '', '', '', '', '', '', '', '', '', '', '', '', '651.92', '826.99', 'CPU'),
(137, 'Asus Z10PE-D16 WS', '', '', '', '', '', '', '', '', '', '', 'LGA2011-3 x 2', 'SSI EEB', '16', '1TB', '', '', '', '332.52', '469.99', 'Mother Board'),
(138, 'G.Skill Ripjaws V Series', 'DDR4-3000', '', '', '', '', '', '28', '14', '4x16GB', '64GB', '', '', '', '', '', '', '', '499.09', '645.99', 'Storage'),
(139, 'Hitachi HUS724030ALE641', '', '', '', '', '', '', '7200RPM', '', '', '', '', '', '', '', 'Ultrastar 7K4000', '3TB', '64MB', '54.03', '65.92', 'Storage'),
(140, 'MSI X99A WORKSTATION', '', '', '', '', '', '', '', '', '', '', 'LGA2011-3', 'ATX', '8', '128GB', '', '', '', '239.95', '289.97', 'Mother Board'),
(141, 'Supermicro X11SSL-CF', '', '', '', '', '', '', '', '', '', '', 'LGA1151', 'Micro ATX', '4', '64GB', '', '', '', '317.81', '419.99', 'Mother Board'),
(142, 'AMD FirePro W9100', '', '', '', 'FirePro W9100', '16GB', '0.93', '', '', '', '', '', '', '', '', '', '', '', '2483.38', '2998.89', 'Video Card'),
(143, 'Asus Z10PE-D16', '', '', '', '', '', '', '', '', '', '', 'LGA2011-3 Narrow x 2', 'SSI EEB', '16', '1TB', '', '', '', '293.30', '402.99', 'Mother Board'),
(144, 'Intel DG43RK', '', '', '', '', '', '', '', '', '', '', 'LGA775', 'Micro ATX', '4', '8GB', '', '', '', '219.69', '289.79', 'Mother Board'),
(145, 'Asus VANGUARD B85', '', '', '', '', '', '', '', '', '', '', 'LGA1150', 'Micro ATX', '4', '32GB', '', '', '', '258.10', '287.00', 'Mother Board'),
(146, 'EVGA Z270 Classified K', '', '', '', '', '', '', '', '', '', '', 'LGA1151', 'EATX', '4', '64GB', '', '', '', '234.26', '283.98', 'Mother Board'),
(147, 'EVGA Classified', '', '', '', '', '', '', '', '', '', '', 'LGA2011-3', 'EATX', '8', '128GB', '', '', '', '240.62', '283.98', 'Mother Board'),
(148, 'MSI Z270 XPOWER GAMING TITANIUM', '', '', '', '', '', '', '', '', '', '', 'LGA1151', 'ATX', '4', '64GB', '', '', '', '212.69', '282.98', 'Mother Board'),
(149, 'ASRock X299 Taichi', '', '', '', '', '', '', '', '', '', '', 'LGA2066', 'ATX', '8', '128GB', '', '', '', '214.36', '282.98', 'Mother Board'),
(150, 'MSI X299 TOMAHAWK ARCTIC', '', '', '', '', '', '', '', '', '', '', 'LGA2066', 'ATX', '8', '128GB', '', '', '', '223.92', '281.98', 'Mother Board'),
(151, 'Supermicro X10SAT-O', '', '', '', '', '', '', '', '', '', '', 'LGA1150', 'ATX', '4', '32GB', '', '', '', '207.08', '281.97', 'Mother Board'),
(152, 'Gigabyte X299 AORUS Gaming 3', '', '', '', '', '', '', '', '', '', '', 'LGA2066', 'ATX', '8', '128GB', '', '', '', '227.48', '280.98', 'Mother Board'),
(153, 'Intel Xeon E5-2650 V2', '2.6', '8', '95', '', '', '', '', '', '', '', '', '', '', '', '', '', '', '961.11', '1249.00', 'CPU'),
(154, 'Intel Xeon E5-2650 V3', '2.3', '10', '105', '', '', '', '', '', '', '', '', '', '', '', '', '', '', '906.63', '1204.98', 'CPU'),
(155, 'Intel Xeon E5-2630 V2', '2.6', '6', '80', '', '', '', '', '', '', '', '', '', '', '', '', '', '', '493.48', '588.95', 'CPU'),
(156, 'Supermicro MBD-X10DRI-O', '', '', '', '', '', '', '', '', '', '', 'LGA2011-3 Narrow x 2', 'EATX', '16', '1TB', '', '', '', '291.34', '394.99', 'Mother Board'),
(157, 'Asus MAXIMUS IX FORMULA', '', '', '', '', '', '', '', '', '', '', 'LGA1151', 'ATX', '4', '64GB', '', '', '', '339.12', '388.99', 'Mother Board'),
(158, 'Intel Xeon E5-2667 V3 (OEM/Tray)', '3.2', '8', '135', '', '', '', '', '', '', '', '', '', '', '', '', '', '', '1504.08', '2009.46', 'CPU'),
(159, 'Intel Xeon E5-2690 V4', '2.6', '14', '135', '', '', '', '', '', '', '', '', '', '', '', '', '', '', '1499.26', '1994.49', 'CPU'),
(160, 'Intel Xeon E5-2690 V3', '2.6', '12', '135', '', '', '', '', '', '', '', '', '', '', '', '', '', '', '1540.35', '1908.73', 'CPU'),
(161, 'AMD 100-5056062', '', '', '', 'Vega Frontier Edition Liquid', '16GB', '1.5', '', '', '', '', '', '', '', '', '', '', '', '1343.84', '1499.99', 'Video Card'),
(162, 'Intel Xeon E5-2470V2', '2.4', '10', '95', '', '', '', '', '', '', '', '', '', '', '', '', '', '', '1671.95', '1904.70', 'CPU'),
(163, 'Intel Xeon E5-2683 V4', '2.1', '16', '120', '', '', '', '', '', '', '', '', '', '', '', '', '', '', '1706.95', '1899.99', 'CPU'),
(164, 'Intel Xeon E5-2637 V2 (OEM/Tray)', '3.5', '4', '130', '', '', '', '', '', '', '', '', '', '', '', '', '', '', '1323.12', '1850.00', 'CPU'),
(165, 'Intel Xeon E5-2680', '2.7', '8', '130', '', '', '', '', '', '', '', '', '', '', '', '', '', '', '1479.95', '1666.61', 'CPU'),
(166, 'Intel Xeon E5-2680 V3 (OEM/Tray)', '2.5', '12', '120', '', '', '', '', '', '', '', '', '', '', '', '', '', '', '1166.89', '1638.89', 'CPU'),
(167, 'Intel Xeon E5-2650L V3 (OEM/Tray)', '1.8', '12', '65', '', '', '', '', '', '', '', '', '', '', '', '', '', '', '779.17', '1010.46', 'CPU'),
(168, 'Seagate ST31000340NS - FFP', '', '', '', '', '', '', '7200RPM', '', '', '', '', '', '', '', 'Barracuda ES', '1TB', '32MB', '34.40', '43.99', 'Storage'),
(169, 'Intel Xeon E5-2683 V4 (OEM/Tray)', '2.1', '16', '120', '', '', '', '', '', '', '', '', '', '', '', '', '', '', '1369.83', '1844.89', 'CPU'),
(170, 'Asus X99-DELUXE II', '', '', '', '', '', '', '', '', '', '', 'LGA2011-3', 'ATX', '8', '128GB', '', '', '', '289.33', '383.98', 'Mother Board'),
(171, 'ASRock Fatal1ty X299 Professional Gaming i9', '', '', '', '', '', '', '', '', '', '', 'LGA2066', 'ATX', '8', '128GB', '', '', '', '287.50', '382.98', 'Mother Board'),
(172, 'ASRock EP2C612 WS', '', '', '', '', '', '', '', '', '', '', 'LGA2011-3 x 2', 'SSI EEB', '8', '', '', '', '', '308.84', '358.49', 'Mother Board'),
(173, 'ASRock Z270 SuperCarrier', '', '', '', '', '', '', '', '', '', '', 'LGA1151', 'ATX', '4', '64GB', '', '', '', '264.35', '353.98', 'Mother Board'),
(174, 'MSI GTX 1080 TI AERO 11G OC', '', '', '', 'GeForce GTX 1080 Ti', '11GB', '1.51', '', '', '', '', '', '', '', '', '', '', '', '715.72', '798.26', 'Video Card'),
(175, 'NVIDIA VCQM4000-PB', '', '', '', 'Quadro M4000', '8GB', 'N/A', '', '', '', '', '', '', '', '', '', '', '', '682.09', '790.00', 'Video Card'),
(176, 'Intel Xeon E5-2650 V3 (OEM/Tray)', '2.3', '10', '105', '', '', '', '', '', '', '', '', '', '', '', '', '', '', '799.98', '939.49', 'CPU'),
(177, 'PNY VCQM5000-PB', '', '', '', 'Quadro M5000', '8GB', '0.86', '', '', '', '', '', '', '', '', '', '', '', '1268.42', '1759.99', 'Video Card'),
(178, 'HP C2J95AT', '', '', '', 'Quadro K5000', '4GB', '0.70', '', '', '', '', '', '', '', '', '', '', '', '1715.91', '1999.89', 'Video Card'),
(179, 'Asus SABERTOOTH X99', '', '', '', '', '', '', '', '', '', '', 'LGA2011-3', 'ATX', '8', '64GB', '', '', '', '252.57', '312.67', 'Mother Board'),
(180, 'Supermicro MBD-X10DAL-I-O', '', '', '', '', '', '', '', '', '', '', 'LGA2011-3 x 2', 'ATX', '8', '512GB', '', '', '', '239.28', '279.99', 'Mother Board'),
(181, 'ATI FirePro R5000', '', '', '', 'FirePro R5000', '2GB', '0.82', '', '', '', '', '', '', '', '', '', '', '', '760.59', '999.99', 'Video Card'),
(182, 'PNY VCQK4200-PB', '', '', '', 'Quadro K4200', '4GB', '0.77', '', '', '', '', '', '', '', '', '', '', '', '799.05', '949.89', 'Video Card'),
(183, 'Asus GTX780TI-3GD5', '', '', '', 'GeForce GTX 780 Ti', '3GB', '0.87', '', '', '', '', '', '', '', '', '', '', '', '781.91', '899.99', 'Video Card'),
(184, 'AMD 100-506061', '', '', '', 'Vega Frontier Edition', '16GB', '1.44', '', '', '', '', '', '', '', '', '', '', '', '706.99', '999.99', 'Video Card'),
(185, 'MSI GTX 1080 TI LIGHTNING Z', '', '', '', 'GeForce GTX 1080 Ti', '11GB', '1.61', '', '', '', '', '', '', '', '', '', '', '', '688.35', '873.98', 'Video Card'),
(186, 'PNY VCQK5200-PB', '', '', '', 'Quadro K5200', '8GB', '0.66', '', '', '', '', '', '', '', '', '', '', '', '1129.39', '1449.98', 'Video Card'),
(187, 'Asus MAXIMUS VIII EXTREME/ASSEMBLY', '', '', '', '', '', '', '', '', '', '', 'LGA1151', 'EATX', '4', '64GB', '', '', '', '253.41', '353.98', 'Mother Board'),
(188, 'Asus X99-E WS/USB 3.1', '', '', '', '', '', '', '', '', '', '', 'LGA2011-3', 'SSI CEB', '8', '128GB', '', '', '', '428.89', '482.49', 'Mother Board'),
(189, 'Asus X99-E-10G WS', '', '', '', '', '', '', '', '', '', '', 'LGA2011-3', 'SSI CEB', '8', '128GB', '', '', '', '582.02', '649.00', 'Mother Board'),
(190, 'Supermicro X10SDV-8C-TLN4F', '', '', '', '', '', '', '', '', '', '', 'Xeon D-1541', 'Mini ITX', '4', '64GB', '', '', '', '664.29', '948.99', 'Mother Board'),
(191, 'Asus ROG MAXIMUS IX EXTREME', '', '', '', '', '', '', '', '', '', '', 'LGA1151', 'EATX', '4', '64GB', '', '', '', '480.89', '573.99', 'Mother Board'),
(192, 'Asus Rampage V Edition 10', '', '', '', '', '', '', '', '', '', '', 'LGA2011-3', 'EATX', '8', '128GB', '', '', '', '452.50', '519.99', 'Mother Board'),
(193, 'Asus Z10PE-D8 WS', '', '', '', '', '', '', '', '', '', '', 'LGA2011-3 x 2', 'SSI EEB', '8', '512GB', '', '', '', '504.14', '561.59', 'Mother Board'),
(194, 'MSI X299 GAMING M7 ACK', '', '', '', '', '', '', '', '', '', '', 'LGA2066', 'ATX', '8', '128GB', '', '', '', '278.71', '397.42', 'Mother Board'),
(195, 'G.Skill Ripjaws 4 Series', 'DDR4-2400', '', '', '', '', '', '28', '14', '8x16GB', '128GB', '', '', '', '', '', '', '', '836.03', '1055.99', 'Storage'),
(196, 'Corsair Vengeance LPX', 'DDR4-2133', '', '', '', '', '', '28', '15', '8x16GB', '128GB', '', '', '', '', '', '', '', '821.91', '1099.99', 'Storage'),
(197, 'G.Skill Trident Z RGB', 'DDR4-3600', '', '', '', '', '', '28', '17', '4x16GB', '64GB', '', '', '', '', '', '', '', '622.47', '799.99', 'Storage'),
(198, 'Intel Core i7-980', '3.33', '6', '130', '', '', '', '', '', '', '', '', '', '', '', '', '', '', '563.70', '699.99', 'CPU'),
(199, 'Intel Xeon E5-2630 V4', '2.2', '10', '85', '', '', '', '', '', '', '', '', '', '', '', '', '', '', '528.95', '647.99', 'CPU'),
(200, 'Intel Core i7-4790K', '4', '4', '88', '', '', '', '', '', '', '', '', '', '', '', '', '', '', '461.92', '620.95', 'CPU'),
(201, 'Kingston', 'DDR3-1600', '', '', '', '', '', '24', '11', '4x8GB', '32GB', '', '', '', '', '', '', '', '566.98', '653.50', 'Storage'),
(202, 'G.Skill Trident Z', 'DDR4-3200', '', '', '', '', '', '28', '14', '4x16GB', '64GB', '', '', '', '', '', '', '', '533.21', '713.99', 'Storage'),
(203, 'Kingston', 'DDR3-1333', '', '', '', '', '', '24', '9', '4x16GB', '64GB', '', '', '', '', '', '', '', '556.84', '671.38', 'Storage'),
(204, 'G.Skill Ripjaws V Series', 'DDR4-3200', '', '', '', '', '', '28', '15', '4x16GB', '64GB', '', '', '', '', '', '', '', '546.64', '686.99', 'Storage'),
(205, 'G.Skill Trident X', 'DDR3-3100', '', '', '', '', '', '24', '12', '2x4GB', '8GB', '', '', '', '', '', '', '', '507.32', '649.99', 'Storage'),
(206, 'PNY VCQM6000-24GB-PB', '', '', '', 'Quadro M6000', '24GB', '0.98', '', '', '', '', '', '', '', '', '', '', '', '3619.14', '4139.00', 'Video Card'),
(207, 'PNY VCQM6000-PB', '', '', '', 'Quadro M6000', '12GB', '0.98', '', '', '', '', '', '', '', '', '', '', '', '2505.04', '3254.99', 'Video Card'),
(208, 'Samsung MZ-V6P2T0BW', '', '', '', '', '', '', 'SSD', '', '', '', '', '', '', '', '960 Pro', '2TB', '2GB', '840.11', '1199.99', 'Storage'),
(209, 'Intel Core i7-990X Extreme Edition', '3.47', '6', '130', '', '', '', '', '', '', '', '', '', '', '', '', '', '', '1072.79', '1199.99', 'CPU'),
(210, 'Intel Core i9-7900X', '3.3', '10', '140', '', '', '', '', '', '', '', '', '', '', '', '', '', '', '855.82', '1029.99', 'CPU'),
(211, 'Intel Xeon E5-2650', '2', '8', '95', '', '', '', '', '', '', '', '', '', '', '', '', '', '', '869.03', '1064.99', 'CPU'),
(212, 'Intel Xeon E5-2680 V4', '2.4', '14', '120', '', '', '', '', '', '', '', '', '', '', '', '', '', '', '1365.13', '1639.99', 'CPU'),
(213, 'Intel Xeon E5-2643 V3 (OEM/Tray)', '3.4', '6', '135', '', '', '', '', '', '', '', '', '', '', '', '', '', '', '1266.37', '1469.96', 'CPU'),
(214, 'Intel Core i7-5960X', '3', '8', '140', '', '', '', '', '', '', '', '', '', '', '', '', '', '', '865.59', '1009.79', 'CPU'),
(215, 'PNY VCQP4000-PB', '', '', '', 'Quadro P4000', '8GB', '1.23', '', '', '', '', '', '', '', '', '', '', '', '724.00', '829.89', 'Video Card'),
(216, 'MSI GTX 1080 TI LIGHTNING X', '', '', '', 'GeForce GTX 1080 Ti', '11GB', '1.57', '', '', '', '', '', '', '', '', '', '', '', '742.94', '863.98', 'Video Card'),
(217, 'ASRock C2750D4I', '', '', '', '', '', '', '', '', '', '', 'Atom C2750', 'Mini ITX', '4', '64GB', '', '', '', '339.55', '401.98', 'Mother Board'),
(218, 'Intel Xeon E5-2660 V4', '2', '14', '105', '', '', '', '', '', '', '', '', '', '', '', '', '', '', '1194.03', '1388.89', 'CPU'),
(219, 'Intel Xeon E5-2660 V3', '2.6', '10', '105', '', '', '', '', '', '', '', '', '', '', '', '', '', '', '1041.99', '1299.73', 'CPU'),
(220, 'MSI GeForce GTX 1080 Ti GAMING X 11G', '', '', '', 'GeForce GTX 1080 Ti', '11GB', '1.57', '', '', '', '', '', '', '', '', '', '', '', '666.59', '759.99', 'Video Card'),
(221, 'Zotac ZT-P10810C-10P', '', '', '', 'GeForce GTX 1080 Ti', '11GB', '1.65', '', '', '', '', '', '', '', '', '', '', '', '535.03', '759.99', 'Video Card'),
(222, 'Zotac ZT-P10810G-10P', '', '', '', 'GeForce GTX 1080 Ti', '11GB', '1.51', '', '', '', '', '', '', '', '', '', '', '', '598.25', '754.98', 'Video Card'),
(223, 'MSI GeForce GTX 1080 TI ARMOR 11G OC', '', '', '', 'GeForce GTX 1080 Ti', '11GB', '1.48', '', '', '', '', '', '', '', '', '', '', '', '644.19', '764.98', 'Video Card'),
(224, 'Asus STRIX X299-E GAMING', '', '', '', '', '', '', '', '', '', '', 'LGA2066', 'ATX', '8', '128GB', '', '', '', '306.00', '349.99', 'Mother Board'),
(225, 'Gigabyte GA-Z270X-Gaming 9', '', '', '', '', '', '', '', '', '', '', 'LGA1151', 'EATX', '4', '64GB', '', '', '', '380.05', '503.98', 'Mother Board'),
(226, 'Asus PRIME X299-A', '', '', '', '', '', '', '', '', '', '', 'LGA2066', 'ATX', '8', '128GB', '', '', '', '274.56', '309.85', 'Mother Board'),
(227, 'Gigabyte GA-X99-UD5 WIFI', '', '', '', '', '', '', '', '', '', '', 'LGA2011-3', 'EATX', '8', '64GB', '', '', '', '217.83', '305.00', 'Mother Board'),
(228, 'Intel Xeon E5-2699 V3 (OEM/Tray)', '2.3', '18', '145', '', '', '', '', '', '', '', '', '', '', '', '', '', '', '2867.51', '3410.46', 'CPU'),
(229, 'Seagate ST10000DM0004', '', '', '', '', '', '', '7200RPM', '', '', '', '', '', '', '', 'BarraCuda Pro', '10TB', '256MB', '284.23', '399.99', 'Storage'),
(230, 'ADATA ASU800SS-512GT-C', '', '', '', '', '', '', 'SSD', '', '', '', '', '', '', '', 'Ultimate SU800', '512GB', 'N/A', '113.29', '136.69', 'Storage'),
(231, 'Samsung MZ-V6E1T0', '', '', '', '', '', '', 'SSD', '', '', '', '', '', '', '', '960 EVO', '1TB', '1000MB', '358.06', '449.99', 'Storage'),
(232, 'Western Digital WD1003FZEX', '', '', '', '', '', '', '7200RPM', '', '', '', '', '', '', '', 'BLACK SERIES', '1TB', '64MB', '61.76', '70.89', 'Storage'),
(233, 'SanDisk SDSSDA-120G-G26', '', '', '', '', '', '', 'SSD', '', '', '', '', '', '', '', 'SSD PLUS', '120GB', 'N/A', '52.70', '59.99', 'Storage'),
(234, 'Crucial CT525MX300SSD1', '', '', '', '', '', '', 'SSD', '', '', '', '', '', '', '', 'MX300', '525GB', 'N/A', '135.59', '150.99', 'Storage'),
(235, 'Hitachi A7K1000-1000', '', '', '', '', '', '', '7200RPM', '', '', '', '', '', '', '', 'Ultrastar', '1TB', '32MB', '29.94', '41.99', 'Storage'),
(236, 'MSI GTX 980 Ti Gaming 6G', '', '', '', 'GeForce GTX 980 Ti', '6GB', '1.18', '', '', '', '', '', '', '', '', '', '', '', '539.98', '745.32', 'Video Card'),
(237, 'Gigabyte GV-N108TAORUS-11GD', '', '', '', 'GeForce GTX 1080 Ti', '11GB', '1.59', '', '', '', '', '', '', '', '', '', '', '', '605.30', '744.98', 'Video Card'),
(238, 'EVGA 06G-P4-4998-KR', '', '', '', 'GeForce GTX 980 Ti', '6GB', '1.19', '', '', '', '', '', '', '', '', '', '', '', '521.03', '741.78', 'Video Card'),
(239, 'MSI GTX 1080 Ti DUKE 11G OC', '', '', '', 'GeForce GTX 1080 Ti', '11GB', '1.53', '', '', '', '', '', '', '', '', '', '', '', '555.07', '739.99', 'Video Card'),
(240, 'Intel Core i7-4960X Extreme Edition', '3.6', '6', '130', '', '', '', '', '', '', '', '', '', '', '', '', '', '', '1496.43', '1805.97', 'CPU'),
(241, 'Intel Xeon E5-2699 V4 (OEM/Tray)', '2.2', '22', '145', '', '', '', '', '', '', '', '', '', '', '', '', '', '', '1535.62', '1756.00', 'CPU'),
(242, 'Intel Xeon E5-1680 V3 (OEM/Tray)', '3.2', '8', '140', '', '', '', '', '', '', '', '', '', '', '', '', '', '', '1519.85', '1751.99', 'CPU'),
(243, 'Intel Xeon E5-2643 V4 (OEM/Tray)', '3.4', '6', '135', '', '', '', '', '', '', '', '', '', '', '', '', '', '', '1225.59', '1708.86', 'CPU'),
(244, 'Crucial', 'DDR4-2133', '', '', '', '', '', '28', '15', '4x16GB', '64GB', '', '', '', '', '', '', '', '1139.23', '1620.99', 'Storage'),
(245, 'ATI FirePro S9050', '', '', '', 'FirePro S9050', '12GB', '0.9', '', '', '', '', '', '', '', '', '', '', '', '1237.04', '1699.00', 'Video Card'),
(246, 'Gigabyte X299 AORUS Ultra Gaming', '', '', '', '', '', '', '', '', '', '', 'LGA2066', 'ATX', '8', '128GB', '', '', '', '287.78', '343.99', 'Mother Board'),
(247, 'Asus TUF X299 MARK 1', '', '', '', '', '', '', '', '', '', '', 'LGA2066', 'ATX', '8', '128GB', '', '', '', '241.15', '339.99', 'Mother Board'),
(248, 'Intel Xeon E5-2697 V3', '2.6', '14', '145', '', '', '', '', '', '', '', '', '', '', '', '', '', '', '2326.27', '2774.98', 'CPU'),
(249, 'Intel Xeon E5-2698 V3 (OEM/Tray)', '2.3', '16', '135', '', '', '', '', '', '', '', '', '', '', '', '', '', '', '2035.18', '2660.72', 'CPU'),
(250, 'Asus Z170-WS', '', '', '', '', '', '', '', '', '', '', 'LGA1151', 'ATX', '4', '64GB', '', '', '', '279.40', '338.99', 'Mother Board'),
(251, 'MSI X299 GAMING PRO CARBON AC', '', '', '', '', '', '', '', '', '', '', 'LGA2066', 'ATX', '8', '128GB', '', '', '', '238.80', '337.81', 'Mother Board'),
(252, 'Gigabyte X299 AORUS Gaming 9', '', '', '', '', '', '', '', '', '', '', 'LGA2066', 'ATX', '8', '128GB', '', '', '', '395.24', '499.99', 'Mother Board'),
(253, 'Samsung MZ-V6P1T0BW', '', '', '', '', '', '', 'SSD', '', '', '', '', '', '', '', '960 Pro', '1TB', '1GB', '466.49', '579.99', 'Storage'),
(254, 'Samsung MZ-7KE256BW', '', '', '', '', '', '', 'SSD', '', '', '', '', '', '', '', '850 Pro Series', '256GB', 'N/A', '97.19', '119.99', 'Storage'),
(255, 'Seagate ST2000DX002', '', '', '', '', '', '', 'Hybrid', '', '', '', '', '', '', '', 'FireCuda', '2TB', '64MB', '64.48', '90.99', 'Storage'),
(256, 'Western Digital WD5000AACS', '', '', '', '', '', '', '5400RPM', '', '', '', '', '', '', '', 'Caviar Green', '500GB', '16MB', '20.14', '26.99', 'Storage'),
(257, 'SanDisk SDSSDHII-240G-G25', '', '', '', '', '', '', 'SSD', '', '', '', '', '', '', '', 'Ultra II', '240GB', 'N/A', '73.39', '84.95', 'Storage'),
(258, 'PNY SSD7CS1311-120-RB', '', '', '', '', '', '', 'SSD', '', '', '', '', '', '', '', 'CS1311', '120GB', 'N/A', '50.59', '57.98', 'Storage'),
(259, 'PNY SSD9SC240GMDA-RB', '', '', '', '', '', '', 'SSD', '', '', '', '', '', '', '', 'XLR8', '240GB', 'N/A', '58.40', '80.72', 'Storage'),
(260, 'Crucial CT1050MX300SSD1', '', '', '', '', '', '', 'SSD', '', '', '', '', '', '', '', 'MX300', '1.1TB', 'N/A', '192.52', '267.99', 'Storage'),
(261, 'G.Skill TridentZ RGB', 'DDR4-3200', '', '', '', '', '', '28', '14', '8x16GB', '128GB', '', '', '', '', '', '', '', '1330.26', '1504.99', 'Storage'),
(262, 'Corsair Dominator Platinum', 'DDR4-3200', '', '', '', '', '', '28', '16', '8x16GB', '128GB', '', '', '', '', '', '', '', '1051.97', '1449.99', 'Storage'),
(263, 'Western Digital WDS250G1B0B', '', '', '', '', '', '', 'SSD', '', '', '', '', '', '', '', 'Blue', '250GB', 'N/A', '70.71', '89.99', 'Storage'),
(264, 'Samsung MZ-75E120B/AM', '', '', '', '', '', '', 'SSD', '', '', '', '', '', '', '', '850 EVO-Series', '120GB', 'N/A', '74.41', '88.99', 'Storage'),
(265, 'G.Skill Trident Z', 'DDR4-3200', '', '', '', '', '', '28', '14', '8x16GB', '128GB', '', '', '', '', '', '', '', '1163.49', '1431.99', 'Storage'),
(266, 'G.Skill Trident Z RGB', 'DDR4-3333', '', '', '', '', '', '28', '16', '8x16GB', '128GB', '', '', '', '', '', '', '', '1174.36', '1418.99', 'Storage'),
(267, 'EVGA 12G-P4-1999-KR', '', '', '', 'GeForce GTX Titan X', '12GB', '1.15', '', '', '', '', '', '', '', '', '', '', '', '1328.03', '1799.99', 'Video Card'),
(268, 'Western Digital WD10EZEX', '', '', '', '', '', '', '7200RPM', '', '', '', '', '', '', '', 'Caviar Blue', '1TB', '64MB', '35.83', '47.88', 'Storage'),
(269, 'Zotac ZT-P10810D-10P', '', '', '', 'GeForce GTX 1080 Ti', '11GB', '1.57', '', '', '', '', '', '', '', '', '', '', '', '580.10', '759.99', 'Video Card'),
(270, 'Gigabyte GV-N1070WF2OC-8GD', '', '', '', 'GeForce GTX 1070', '8GB', '1.56', '', '', '', '', '', '', '', '', '', '', '', '551.62', '769.99', 'Video Card'),
(271, 'MSI X99A GODLIKE GAMING CARBON', '', '', '', '', '', '', '', '', '', '', 'LGA2011-3', 'EATX', '8', '128GB', '', '', '', '415.00', '549.59', 'Mother Board'),
(272, 'G.Skill Ripjaws 4 Series', 'DDR4-2800', '', '', '', '', '', '28', '15', '8x16GB', '128GB', '', '', '', '', '', '', '', '834.06', '1073.99', 'Storage'),
(273, 'Western Digital WD101KRYZ', '', '', '', '', '', '', '7200RPM', '', '', '', '', '', '', '', 'Gold', '10TB', '256MB', '313.96', '443.64', 'Storage'),
(274, 'ASRock E3C224D4M-16RE', '', '', '', '', '', '', '', '', '', '', 'LGA1150', 'ATX', '4', '32GB', '', '', '', '364.79', '499.99', 'Mother Board'),
(275, 'MSI X99A GODLIKE GAMING', '', '', '', '', '', '', '', '', '', '', 'LGA2011-3', 'EATX', '8', '128GB', '', '', '', '302.95', '399.99', 'Mother Board'),
(276, 'Corsair Vengeance LPX', 'DDR4-2666', '', '', '', '', '', '28', '15', '8x16GB', '128GB', '', '', '', '', '', '', '', '867.52', '1163.99', 'Storage'),
(277, 'G.Skill Trident Z', 'DDR4-3200', '', '', '', '', '', '28', '14', '8x8GB', '64GB', '', '', '', '', '', '', '', '556.80', '758.99', 'Storage'),
(278, 'G.Skill Ripjaws V Series', 'DDR4-3000', '', '', '', '', '', '28', '14', '8x8GB', '64GB', '', '', '', '', '', '', '', '546.05', '677.99', 'Storage'),
(279, 'G.Skill Ripjaws V Series', 'DDR4-3000', '', '', '', '', '', '28', '14', '8x16GB', '128GB', '', '', '', '', '', '', '', '1139.87', '1318.99', 'Storage'),
(280, 'Western Digital WDS500G1B0B', '', '', '', '', '', '', 'SSD', '', '', '', '', '', '', '', 'Blue', '500GB', 'N/A', '106.89', '149.88', 'Storage'),
(281, 'Asus ROG-POSEIDON-GTX1080TI-P11G-GAMING', '', '', '', 'GeForce GTX 1080 Ti', '11GB', '1.62', '', '', '', '', '', '', '', '', '', '', '', '696.14', '864.98', 'Video Card'),
(282, 'Corsair Dominator Platinum', 'DDR4-3200', '', '', '', '', '', '28', '15', '8x8GB', '64GB', '', '', '', '', '', '', '', '700.50', '804.99', 'Storage'),
(283, 'G.Skill Trident Z', 'DDR4-3200', '', '', '', '', '', '28', '14', '8x8GB', '64GB', '', '', '', '', '', '', '', '647.83', '760.99', 'Storage'),
(284, 'Kingston SA400S37/120G', '', '', '', '', '', '', 'SSD', '', '', '', '', '', '', '', 'A400', '120GB', 'N/A', '40.63', '54.99', 'Storage'),
(285, 'Samsung MZ-75E1T0B/AM', '', '', '', '', '', '', 'SSD', '', '', '', '', '', '', '', '850 EVO-Series', '1TB', 'N/A', '260.23', '339.99', 'Storage'),
(286, 'Samsung MZ-V6E500', '', '', '', '', '', '', 'SSD', '', '', '', '', '', '', '', '960 EVO', '500GB', '512MB', '209.62', '234.00', 'Storage'),
(287, 'MSI X99A XPOWER GAMING TITANIUM', '', '', '', '', '', '', '', '', '', '', 'LGA2011-3', 'EATX', '8', '128GB', '', '', '', '257.23', '329.99', 'Mother Board'),
(288, 'Asus ROG STRIX X99 GAMING', '', '', '', '', '', '', '', '', '', '', 'LGA2011-3', 'ATX', '8', '128GB', '', '', '', '255.86', '319.99', 'Mother Board');

-- --------------------------------------------------------

--
-- Table structure for table `product_categories`
--

CREATE TABLE `product_categories` (
  `CategoryName` varchar(12) NOT NULL
) ENGINE=InnoDB DEFAULT CHARSET=utf8 COLLATE=utf8_general_ci;

--
-- Dumping data for table `product_categories`
--

INSERT INTO `product_categories` (`CategoryName`) VALUES
('CPU'),
('Mother Board'),
('RAM'),
('Storage'),
('Video Card');

-- --------------------------------------------------------

--
-- Table structure for table `regions`
--

CREATE TABLE `regions` (
  `RegionID` int(1) NOT NULL,
  `RegionName` varchar(22) DEFAULT NULL
) ENGINE=InnoDB DEFAULT CHARSET=utf8 COLLATE=utf8_general_ci;

--
-- Dumping data for table `regions`
--

INSERT INTO `regions` (`RegionID`, `RegionName`) VALUES
(1, 'Europe'),
(2, 'Americans'),
(3, 'Asia'),
(4, 'Middle East and Africa');

-- --------------------------------------------------------

--
-- Table structure for table `warehouses`
--

CREATE TABLE `warehouses` (
  `Warehouse ID` int(2) NOT NULL,
  `WarehouseName` varchar(13) DEFAULT NULL,
  `WarehouseStreet` varchar(21) DEFAULT NULL,
  `WarehousePostalCode` varchar(7) DEFAULT NULL,
  `CountryCode` varchar(2) DEFAULT NULL
) ENGINE=InnoDB DEFAULT CHARSET=utf8 COLLATE=utf8_general_ci;

--
-- Dumping data for table `warehouses`
--

INSERT INTO `warehouses` (`Warehouse ID`, `WarehouseName`, `WarehouseStreet`, `WarehousePostalCode`, `CountryCode`) VALUES
(11, 'New Jersey', '2007 Zagora St', '50090', 'US'),
(16, 'Bombay', '1298 Vileparle (E)', '490231', 'IN'),
(23, 'Southlake', '2014 Jabberwocky Rd', '26192', 'US'),
(37, 'Toronto', '147 Spadina Ave', 'M5V 2L7', 'CA'),
(49, 'Sydney', '12-98 Victoria Street', '2901', 'AU'),
(54, 'San Francisco', '2011 Interiors Blvd', '99236', 'US'),
(68, 'Mexico City', 'Mariano Escobedo 9991', '11932', 'MX'),
(86, 'Seattle', '2004 Charade Rd', '98199', 'US'),
(92, 'Beijing', '40-5-12 Laogianggen', '190518', 'CN');

--
-- Indexes for dumped tables
--

--
-- Indexes for table `contacts`
--
ALTER TABLE `contacts`
  ADD PRIMARY KEY (`ContactID`),
  ADD KEY `CustomerID` (`CustomerID`);

--
-- Indexes for table `countries`
--
ALTER TABLE `countries`
  ADD PRIMARY KEY (`CountryCode`),
  ADD KEY `RegionID` (`RegionID`);

--
-- Indexes for table `customers`
--
ALTER TABLE `customers`
  ADD PRIMARY KEY (`CustomerID`);

--
-- Indexes for table `employees`
--
ALTER TABLE `employees`
  ADD PRIMARY KEY (`EmployeeID`),
  ADD KEY `ManagerID` (`ManagerID`);

--
-- Indexes for table `inventories`
--
ALTER TABLE `inventories`
  ADD PRIMARY KEY (`ProductID`,`WarehouseID`),
  ADD KEY `WarehouseID` (`WarehouseID`);

--
-- Indexes for table `locations`
--
ALTER TABLE `locations`
  ADD PRIMARY KEY (`LocationID`),
  ADD KEY `CountryCode` (`CountryCode`);

--
-- Indexes for table `orders`
--
ALTER TABLE `orders`
  ADD PRIMARY KEY (`OrderId`),
  ADD KEY `CustomerID` (`CustomerID`),
  ADD KEY `EmployeeID` (`EmployeeID`);

--
-- Indexes for table `order_items`
--
ALTER TABLE `order_items`
  ADD PRIMARY KEY (`OrderId`,`ItemId`),
  ADD KEY `ProductID` (`ProductID`);

--
-- Indexes for table `products`
--
ALTER TABLE `products`
  ADD PRIMARY KEY (`ProductID`),
  ADD KEY `CategoryName` (`CategoryName`);

--
-- Indexes for table `product_categories`
--
ALTER TABLE `product_categories`
  ADD PRIMARY KEY (`CategoryName`);

--
-- Indexes for table `regions`
--
ALTER TABLE `regions`
  ADD PRIMARY KEY (`RegionID`);

--
-- Indexes for table `warehouses`
--
ALTER TABLE `warehouses`
  ADD PRIMARY KEY (`Warehouse ID`),
  ADD KEY `CountryCode` (`CountryCode`);

--
-- Constraints for dumped tables
--

--
-- Constraints for table `contacts`
--
ALTER TABLE `contacts`
  ADD CONSTRAINT `contacts_ibfk_1` FOREIGN KEY (`CustomerID`) REFERENCES `customers` (`CustomerID`);

--
-- Constraints for table `countries`
--
ALTER TABLE `countries`
  ADD CONSTRAINT `countries_ibfk_1` FOREIGN KEY (`RegionID`) REFERENCES `regions` (`RegionID`);

--
-- Constraints for table `inventories`
--
ALTER TABLE `inventories`
  ADD CONSTRAINT `inventories_ibfk_1` FOREIGN KEY (`WarehouseID`) REFERENCES `warehouses` (`Warehouse ID`),
  ADD CONSTRAINT `inventories_ibfk_2` FOREIGN KEY (`ProductID`) REFERENCES `products` (`ProductID`);

--
-- Constraints for table `order_items`
--
ALTER TABLE `order_items`
  ADD CONSTRAINT `order_items_ibfk_1` FOREIGN KEY (`OrderId`) REFERENCES `orders` (`OrderId`),
  ADD CONSTRAINT `order_items_ibfk_2` FOREIGN KEY (`ProductID`) REFERENCES `products` (`ProductID`);

--
-- Constraints for table `products`
--
ALTER TABLE `products`
  ADD CONSTRAINT `products_ibfk_1` FOREIGN KEY (`CategoryName`) REFERENCES `product_categories` (`CategoryName`);
COMMIT;

/*!40101 SET CHARACTER_SET_CLIENT=@OLD_CHARACTER_SET_CLIENT */;
/*!40101 SET CHARACTER_SET_RESULTS=@OLD_CHARACTER_SET_RESULTS */;
/*!40101 SET COLLATION_CONNECTION=@OLD_COLLATION_CONNECTION */;
